jaar	gem_jaar_t	var_sim	og_jaar_t	bg_jaar_t	gem_jaar	og_jaar	bg_jaar	droogte_ind_j	droogte_ind_j_var	lcl	ucl	tijdvenster
1985	3.67433672701361	0.0147714093533038	3.43612286055816	3.91255059346905	39.4225003041841	31.0662760845342	50.0263863619977	4.08793103448276	2.85953318939441	0.773540788845172	7.40232128012034	0
1985	2.42976274275825	0.0508413974660841	1.98782121664228	2.87170426887421	11.3561874226459	7.29961215026555	17.6671020491916	4.08793103448276	2.85953318939441	0.773540788845172	7.40232128012034	2
1985	2.2660985317753	0.0325677599878433	1.91238635108414	2.61981071246647	9.64171051093107	6.76922328292238	13.7331238298976	4.08793103448276	2.85953318939441	0.773540788845172	7.40232128012034	4
1985	2.27232243411457	0.0254576737864934	1.95959539719867	2.58504947103046	9.70190670884506	7.09645523855227	13.263945254777	4.08793103448276	2.85953318939441	0.773540788845172	7.40232128012034	6
1985	2.28278298345175	0.0230280021078769	1.98535337346374	2.58021259343976	9.8039266446472	7.28162006217178	13.1999440829045	4.08793103448276	2.85953318939441	0.773540788845172	7.40232128012034	8
1985	2.28526849602536	0.0224109548195525	1.99185083460261	2.5786861574481	9.82832473591404	7.32908614307231	13.179810583327	4.08793103448276	2.85953318939441	0.773540788845172	7.40232128012034	10
1985	2.28067925846314	0.023828805844493	1.97812225468996	2.58323626223632	9.78332355839061	7.22915571919358	13.2399167435333	4.08793103448276	2.85953318939441	0.773540788845172	7.40232128012034	20
1985	2.37981889825856	0.0400114921849725	1.98776259059627	2.77187520592085	10.8029462543845	7.29918421541191	15.9885878107729	4.08793103448276	2.85953318939441	0.773540788845172	7.40232128012034	30
1986	3.67484674108044	0.0110281797706422	3.46901706536068	3.88067641680019	39.4426114619395	32.1051696469497	48.4569811044537	16.5422413793103	7.25885507280389	11.2615579341791	21.8229248244416	0
1986	2.72879503401844	0.0263800684544495	2.41045296803498	3.04713710000189	15.3144225394186	11.1390056159726	21.0549797532691	12.0956896551724	3.4389847221353	8.46096769764183	15.730411612703	2
1986	2.44452252383969	0.0160175771958194	2.19646381192765	2.69258123575173	11.5250453504684	8.99315571510061	14.7697509682081	12.0956896551724	3.4389847221353	8.46096769764183	15.730411612703	4
1986	2.4459018321152	0.0143510110302214	2.21110224954807	2.68070141468233	11.5409529090875	9.12576972693836	14.5953270831064	12.0956896551724	3.4389847221353	8.46096769764183	15.730411612703	6
1986	2.46282999004382	0.0136269726749878	2.2340301250346	2.69162985505303	11.7379829553526	9.33742132793173	14.7557059943302	12.0956896551724	3.4389847221353	8.46096769764183	15.730411612703	8
1986	2.46516746694137	0.0134341815218128	2.23799187024534	2.6923430636374	11.7654523113199	9.37448718642164	14.7662336442727	12.0956896551724	3.4389847221353	8.46096769764183	15.730411612703	10
1986	2.42675285164434	0.0126030477427674	2.20671679048933	2.64678891279936	11.3220579238384	9.08583666382825	14.1086616867203	12.0956896551724	3.4389847221353	8.46096769764183	15.730411612703	20
1986	2.39497250691942	0.0122932446110461	2.17765769265726	2.61228732118157	10.9678965136726	8.82560973888262	13.630191850049	12.0956896551724	3.4389847221353	8.46096769764183	15.730411612703	30
1987	3.67457462058927	0.00832503426790808	3.4957410341364	3.85340820704214	39.4318797793573	32.9747142904392	47.1534985637316	0.645689655172414	0.305346300874064	-0.437370061296537	1.72874937164136	0
1987	3.02844836479353	0.0128973468965732	2.80585805090303	3.25103867868404	20.665142936783	16.5412630642497	25.8171417103353	5.66293103448276	0.889314321401006	3.81458315134655	7.51127891761897	2
1987	2.63990698468641	0.0110208434674634	2.43414578264723	2.84566818672559	14.0119002258238	11.4060712867292	17.213056362963	6.18534482758621	0.902802441224941	4.32303286171966	8.04765679345276	4
1987	2.62938859350372	0.00931940084698627	2.44017598743906	2.81860119956839	13.8652899816873	11.4750600315329	16.7533996116791	6.18534482758621	0.902802441224941	4.32303286171966	8.04765679345276	6
1987	2.64993070510831	0.00862228939018304	2.46793238939817	2.83192902081844	14.1530578767824	11.7980278883493	16.97818051959	6.18534482758621	0.902802441224941	4.32303286171966	8.04765679345276	8
1987	2.65182404567428	0.00855899589870587	2.47049495632437	2.83315313502419	14.1798798189161	11.828299894866	16.9989764772685	6.18534482758621	0.902802441224941	4.32303286171966	8.04765679345276	10
1987	2.58662504785762	0.0103231604387938	2.3874832563078	2.78576683940743	13.2848600916967	10.8860620100526	16.2122452998137	6.18534482758621	0.902802441224941	4.32303286171966	8.04765679345276	20
1987	2.43398258898047	0.0123743087995189	2.21595244270654	2.6520127352544	11.4042100400085	9.17013898559126	14.1825556669297	6.18534482758621	0.902802441224941	4.32303286171966	8.04765679345276	30
1988	3.67142247190746	0.00651385255776847	3.5132339262225	3.82961101759243	39.3077803242113	33.5566121085803	46.0446242015408	0.980172413793103	0.317690314892463	-0.124562447470397	2.0849072750566	0
1988	3.3274640308458	0.00683949218097852	3.16536963500668	3.48955842668491	27.867580692251	23.6975018403864	32.7714735025612	0.787931034482759	0.195896332686651	-0.0795684477355534	1.65543051670107	2
1988	2.92183674353162	0.00791400495385252	2.7474737846478	3.09619970241543	18.5753743444058	15.6031650991616	22.113752552253	3.92931034482759	0.374591495087302	2.72971429301374	5.12890639664144	4
1988	2.86279004692665	0.00621770098886361	2.70823934288808	3.01734075096522	17.5103134428172	15.0028373951145	20.4368726255441	3.92931034482759	0.374591495087302	2.72971429301374	5.12890639664144	6
1988	2.87173482695878	0.00548227523673468	2.72661174626711	3.01685790765045	17.667641930239	15.2810232216975	20.427007200141	3.92931034482759	0.374591495087302	2.72971429301374	5.12890639664144	8
1988	2.87168382313023	0.00533238854590999	2.72855834029098	3.01480930596948	17.6667408358389	15.3107981406171	20.3852032333121	3.92931034482759	0.374591495087302	2.72971429301374	5.12890639664144	10
1988	2.81661296253871	0.00732197838869632	2.64889858576076	2.98432733931666	16.7201229740818	14.1384577677444	19.7731971096745	3.92931034482759	0.374591495087302	2.72971429301374	5.12890639664144	20
1988	2.66564577212403	0.0125222291621575	2.44631634968066	2.88497519456741	14.377230963811	11.5457378284386	17.903123495289	3.92931034482759	0.374591495087302	2.72971429301374	5.12890639664144	30
1989	3.66306675965984	0.00539623302290831	3.51908700837236	3.80704651094732	38.9807042026859	33.7535976398012	45.0172842715157	72.3284482758621	30.5272563077581	61.4991589255915	83.1577376261326	0
1989	3.57102709199053	0.00646145104606007	3.41347611503848	3.72857806894258	35.5530906999467	30.3706327953301	41.619885460964	48.2172413793103	13.533339174333	41.006854720322	55.4276280382987	2
1989	3.27425541845297	0.00478636115014139	3.13865569502263	3.4098551418833	26.4235436710914	23.0728290823005	30.260860410641	30.5887931034483	5.1714040433277	26.1316117325764	35.0459744743202	4
1989	3.1377277012868	0.00410140719095485	3.01220493098287	3.26325047159072	23.0514275732131	20.3321815939994	26.1343481862226	26.5379310344828	3.7644068256253	22.7351234846162	30.3407385843493	6
1989	3.11912165153624	0.00374185986776644	2.99922699415731	3.23901630891518	22.626496963645	20.0700166851827	25.5086168026858	26.5379310344828	3.7644068256253	22.7351234846162	30.3407385843493	8
1989	3.11530583080684	0.00357313685162821	2.99814541714585	3.23246624446783	22.5403228245918	20.0483211513266	25.3420797283665	26.5379310344828	3.7644068256253	22.7351234846162	30.3407385843493	10
1989	3.10886007479035	0.00322828438076807	2.99749680760966	3.22022334197105	22.3955006487567	20.0353218352392	25.0337106352989	26.5379310344828	3.7644068256253	22.7351234846162	30.3407385843493	20
1989	3.10452249469227	0.00326410342033634	2.99254312293316	3.21650186645137	22.2985687477762	19.9363185863669	24.9407214298492	26.5379310344828	3.7644068256253	22.7351234846162	30.3407385843493	30
1990	3.64678185903596	0.00474395189711245	3.5117842086566	3.78177950941532	38.351048166714	33.5079997441677	43.8940822106704	74.4336206896552	36.4425114342783	62.6015645739193	86.2656768053911	0
1990	3.6929902023001	0.00650128004122867	3.53495439178114	3.85102601281906	40.1647683560323	34.2934506153602	47.0413034601764	73.3887931034483	23.6602798595031	63.8549936977409	82.9225925091557	2
1990	3.54335813202839	0.00493279869744482	3.40569971609931	3.68101654795747	34.5828582164356	30.135374555194	39.6867170251234	51.2879310344828	10.640674896218	44.8944017523639	57.6814603166016	4
1990	3.36889011262607	0.0038655192958392	3.24703044363384	3.4907497816183	29.0462710713303	25.7138676496569	32.8105392251428	40.0620689655172	6.09193483113253	35.22442730379	44.8997106272444	6
1990	3.32559431033577	0.00357926194599466	3.20833352110197	3.44285509956956	27.8155247852292	24.7378267888201	31.2761272719139	40.0620689655172	6.09193483113253	35.22442730379	44.8997106272444	8
1990	3.31718787249115	0.00355306407452305	3.20035700778199	3.4340187372003	27.5826753932294	24.5412900648792	31.0009775295816	40.0620689655172	6.09193483113253	35.22442730379	44.8997106272444	10
1990	3.34534404061292	0.00412367061036117	3.21948104757381	3.47120703365204	28.3703345351161	25.0151351472457	32.1755559942686	40.0620689655172	6.09193483113253	35.22442730379	44.8997106272444	20
1990	3.43777612885935	0.00457386080871612	3.30522069259676	3.57033156512193	31.1176794540929	27.2545558038243	35.5283711676491	40.0620689655172	6.09193483113253	35.22442730379	44.8997106272444	30
1991	3.62284483907667	0.00435438295103908	3.49350885203242	3.75218082612093	37.4439384259079	32.90119081274	42.6139142751112	34.0413793103448	25.6142192878153	24.121722823547	43.9610357971427	0
1991	3.67549212277483	0.00500773644147035	3.53679201349747	3.81419223205219	39.4680752173931	34.3565269424028	45.3401172934989	47.1629310344828	22.5786216414252	37.8496054792528	56.4762565897127	2
1991	3.63609620736321	0.00475295789775029	3.5009704768009	3.77122193792552	37.9434239684615	33.1476053360994	43.433104981569	50.0637931034483	14.6414550868849	42.5640188493939	57.5635673575027	4
1991	3.50406414038269	0.00395386331774802	3.38081982480805	3.62730845595733	33.2503116630481	29.3948598730119	37.611447391348	41.7413793103448	8.96451175501179	35.8729835876576	47.609775033032	6
1991	3.45140079438644	0.00362614203049582	3.33337458024588	3.569427008527	31.5445488013277	28.0327811363523	35.4962482758793	38.4284482758621	7.29512006644137	33.1345902075681	43.722306344156	8
1991	3.43814124539242	0.0036354594591162	3.31996349343317	3.55631899735166	31.1290431077351	27.6593407925123	35.0339992580572	38.4284482758621	7.29512006644137	33.1345902075681	43.722306344156	10
1991	3.46125769553052	0.00434232144189717	3.33210096109057	3.59041442997047	31.8570177583934	27.9971007757388	36.2490955255638	38.4284482758621	7.29512006644137	33.1345902075681	43.722306344156	20
1991	3.53673385738472	0.00412423966796239	3.41086218023515	3.66260553453428	34.3545289584465	30.2913496069529	38.962729468014	38.4284482758621	7.29512006644137	33.1345902075681	43.722306344156	30
1992	3.59421816749891	0.00411990147855726	3.46841270847576	3.72002362652206	36.3872401369465	32.0857725286134	41.2653690542458	7.03189655172414	4.22383535943009	3.00371012148203	11.0600829819662	0
1992	3.58746603789879	0.00563925986685845	3.44027982691242	3.73465224888516	36.1423763819582	31.1956863396532	41.873461487998	15.726724137931	5.5024750323341	11.129082559446	20.3243657164161	2
1992	3.58061770437334	0.00433376718651138	3.4515882502797	3.70964715846697	35.8957069354711	31.5504625671685	40.8393941500574	34.6896551724138	8.39320775184096	29.0113326296665	40.3679777151611	4
1992	3.54699748993679	0.00368254861358884	3.42805683770231	3.66593814217127	34.7089469167653	30.8167026771118	39.0927935637188	34.2689655172414	6.72694119365	29.1854414158403	39.3524896186425	6
1992	3.50516653387914	0.00339971955516522	3.39088459023483	3.61944847752346	33.2869868018836	29.6922060922793	37.3169809917521	31.3456896551724	5.05608111949016	26.9384863210121	35.7528929893327	8
1992	3.48726349195847	0.00332894881332076	3.37417728695869	3.60034969695826	32.6963513431804	29.2002504694603	36.6110349729632	31.3456896551724	5.05608111949016	26.9384863210121	35.7528929893327	10
1992	3.47854001223918	0.00318060771143555	3.3680021337348	3.58907789074357	32.4123658570754	29.020490043947	36.2006795495871	31.3456896551724	5.05608111949016	26.9384863210121	35.7528929893327	20
1992	3.4802928093979	0.002912727875871	3.37451220905953	3.58607340973627	32.4692279791819	29.2100319166126	36.0920785219856	31.3456896551724	5.05608111949016	26.9384863210121	35.7528929893327	30
1993	3.56358873672208	0.00398575767546643	3.43984833634261	3.68732913710155	35.2896153070384	31.1822285988317	39.9380353643299	23.351724137931	10.9993821056804	16.8513221275026	29.8521261483594	0
1993	3.51279008906852	0.00680765513947583	3.35107339857614	3.67450677956091	33.5417217420582	28.5333448635572	39.4292047708215	17.5896551724138	5.63741619208545	12.9359794162491	22.2433309285785	2
1993	3.48048032812366	0.00535012688768891	3.33711698744082	3.62384366880651	32.4753171383368	28.1378877714111	37.4813572292054	25.2439655172414	6.47878560662953	20.2550876086904	30.2328434257924	4
1993	3.5370531186702	0.00348673355231253	3.42131792257773	3.65278831476268	34.3654987805505	30.609729703274	38.5820952319517	31.926724137931	6.43090651532219	26.9563146508503	36.8971336250117	6
1993	3.51793951352031	0.00318219286654241	3.40737409344645	3.62850493359417	33.7148877742046	30.1858748101398	37.6564755792792	30.7060344827586	5.2122960474164	26.2312656065199	35.1808033589974	8
1993	3.49690386594298	0.0030664380976182	3.38836802579877	3.60543970608719	33.0130806395113	29.6175776853824	36.7978605437665	29.6448275862069	4.68479212299476	25.4025289852481	33.8871261871657	10
1993	3.45553012103454	0.00274338723389428	3.35287050678567	3.55818973528342	31.6750758562468	28.5846684750858	35.099600031166	29.6448275862069	4.68479212299476	25.4025289852481	33.8871261871657	20
1993	3.40154139272666	0.00298991980803384	3.29436828073236	3.50871450472096	30.0103221072928	26.9603772994354	33.4052978183778	29.6448275862069	4.68479212299476	25.4025289852481	33.8871261871657	30
1994	3.53228552932013	0.00391872937904139	3.4095900086907	3.65498104994955	34.2020481369296	30.2528383156183	38.6667883706283	19.1965517241379	7.07939441350105	13.9815539696892	24.4115494785867	0
1994	3.4797893127995	0.00586151502710066	3.3297306705022	3.6298479550968	32.4528839482689	27.9308180969061	37.7070830115237	20.2413793103448	4.48920771011953	16.088580213447	24.3941784072426	2
1994	3.42561599840565	0.00573092031781826	3.27723842768511	3.5739935691262	30.7415757818617	26.502483025684	35.6587147187713	19.0353448275862	2.93363603531719	15.6782841797464	22.392405475426	4
1994	3.50891243863928	0.00344771552586363	3.39382662733242	3.62399824994614	33.4119105142844	29.7796902918903	37.4871515879585	27.3129310344828	3.54777615672654	23.6211649417189	31.0046971272466	6
1994	3.5121227289529	0.00304780238959996	3.40391719462177	3.62032826328404	33.5193448023275	30.0817054501923	37.3498263865934	28.5905172413793	3.4607800994013	24.9442955215905	32.2367389611682	8
1994	3.49232017807886	0.00292912339183638	3.38624228018265	3.59839807597507	32.862105258772	29.5546851199385	36.5396537860612	27.6663793103448	3.03399869881303	24.2523773476389	31.0803812730508	10
1994	3.43311543623396	0.00274877021688278	3.33035515370624	3.53587571876168	30.9729869604792	27.9482658710369	34.3250606560236	27.6663793103448	3.03399869881303	24.2523773476389	31.0803812730508	20
1994	3.36461342951823	0.00297965419994992	3.25762446011237	3.47160239892409	28.9223146246452	25.9877288710555	32.1882796067893	27.6663793103448	3.03399869881303	24.2523773476389	31.0803812730508	30
1995	3.50060384664787	0.00389763293217678	3.37823903686887	3.62296865642687	33.1354546520221	29.3190957807575	37.448574922178	40.2405172413793	13.8482301901454	32.9467280273656	47.534306455393	0
1995	3.46768444163136	0.00475339353224404	3.33255251870613	3.60281636455658	32.0624140309458	28.0097459346018	36.7014536972952	32.9077586206897	8.1307579870455	27.3189197535336	38.4965974878457	2
1995	3.44301026788349	0.00447063154970704	3.31195921614657	3.57406131962042	31.2809807123893	27.4388314455296	35.6611306961578	26.7896551724138	4.09992114650479	22.8209958173654	30.7583145274621	4
1995	3.48340791422786	0.00336728096279497	3.36967249078084	3.59714333767488	32.5705307305108	29.0690051314506	36.4938348343886	27.8293103448276	3.32075520996308	24.2576142190921	31.4010064705631	6
1995	3.49760762761855	0.00295302394964589	3.39109783086276	3.60411742437434	33.0363221577437	29.6985383520748	36.7492355607452	31.1094827586207	3.30061164914367	27.5486359897537	34.6703295274877	8
1995	3.48477709055222	0.00281414004448034	3.38080209165885	3.58875208944559	32.6151560730686	29.3943386141979	36.1888872422807	30.3801724137931	2.99326012526858	26.9891684183322	33.771176409254	10
1995	3.4288924493218	0.0025584074334898	3.32975427303994	3.52803062560367	30.8424642337722	27.9314773428743	34.0568308770176	29.6810344827586	2.78791773577821	26.4084109520473	32.95365801347	20
1995	3.38883212797031	0.00255616571535692	3.2897373944467	3.48792686149392	29.6313264576727	26.8358154963194	32.7180483023368	29.6810344827586	2.78791773577821	26.4084109520473	32.95365801347	30
1996	3.46828158264504	0.00391950979841773	3.34557384514816	3.59098932014191	32.0815655308653	28.3768549158364	36.2699407655927	59.9818965517241	30.3216197431003	49.1891427601706	70.7746503432777	0
1996	3.41988796242236	0.00485785485628756	3.28327926864369	3.55649665620103	30.5659902896942	26.6630648469454	35.04022391097	53.0560344827586	15.6378964187371	45.3052575615577	60.8068114039595	2
1996	3.4665658638067	0.00427222894777357	3.33845577550072	3.59467595211268	32.0265697766373	28.1755836673676	36.4039014689787	41.7879310344828	7.34059249640153	36.477599582099	47.0982624868665	4
1996	3.45297030710369	0.00333195807494492	3.33983300052134	3.56610761368604	31.5940972451162	28.2144145194378	35.3786175518964	35.5189655172414	4.99583604522602	31.1380975950894	39.8998334393934	6
1996	3.46645743927073	0.00292385340126653	3.36047501041432	3.57243986812715	32.0230974989141	28.8028692931674	35.6033547556396	36.8715517241379	4.61059798537664	32.662980325121	41.0801231231548	8
1996	3.46654134287115	0.00275296351342686	3.36370270891883	3.56937997682348	32.0257844648123	28.8959864675513	35.4945788661123	36.0215517241379	4.10920980922878	32.0483992726036	39.9947041756723	10
1996	3.43069970917968	0.00242487154920364	3.33418345902759	3.52721595933177	30.898254980303	28.0554654313914	34.0290972239441	34.251724137931	3.53207397208837	30.5681368413987	37.9353114344634	20
1996	3.43320755835717	0.00246191421706242	3.33595690459964	3.5304582121147	30.97584038923	28.1052644171759	34.1396072129701	34.251724137931	3.53207397208837	30.5681368413987	37.9353114344634	30
1997	3.43593073159465	0.003995851591978	3.31203374423926	3.55982771895005	31.0603079264563	27.4408764855085	35.1571397143881	32.8836206896552	27.1529693269291	22.6703525072206	43.0968888720898	0
1997	3.29062075331979	0.00459850372629323	3.15770870753413	3.42353279910544	26.8595316254391	23.5166506260343	30.6776016113151	41.5844827586207	21.6760600892838	32.4592018073846	50.7097637098568	2
1997	3.402769985472	0.00475157198655331	3.26766395694795	3.53787601399606	30.0472152299901	26.2499466576999	34.3937896274742	40.6715517241379	10.7601348775476	34.2422333974732	47.1008700508027	4
1997	3.38827435924083	0.00341397796915966	3.27375301727208	3.50279570120958	29.6148036387458	26.4102717857322	33.2081624027543	36.1681034482759	7.16918800978367	30.9201369222408	41.416069974311	6
1997	3.40370555450477	0.00294941609353236	3.29726084179007	3.51015026721946	30.0753396281866	27.038474733258	33.4532943397944	34.9965517241379	6.08469386903644	30.1617859627705	39.8313174855053	8
1997	3.42147098505661	0.00274928247729315	3.31870112777945	3.52424084233378	30.614415262963	27.6244466199274	33.9280071303598	35.9706896551724	5.35914392848948	31.4333239749913	40.5080553353535	10
1997	3.41381056881887	0.00244087473316495	3.31697635805157	3.51064477958618	30.3807920670901	27.5768418760599	33.4698414986029	33.9827586206897	4.2838997016918	29.9260322195111	38.0394850218682	20
1997	3.43594088450666	0.00248765434115887	3.33818315889382	3.5336986101195	31.0606232806304	28.1679035822577	34.2504125578207	33.9827586206897	4.2838997016918	29.9260322195111	38.0394850218682	30
1998	3.40649507354322	0.00411762370589609	3.28072439640196	3.53226575068448	30.1593524839194	26.5950310685014	34.2013716737707	11.951724137931	9.45305755470722	5.92554243620952	17.9779058396525	0
1998	3.10566420802516	0.00591762796577365	2.95488901247458	3.25643940357575	22.3240418597488	19.199591686406	25.956950183929	18.5956896551724	10.8307650796879	12.1453046178177	25.0460746925271	2
1998	3.22649259782743	0.00436070629697051	3.09706273531324	3.35592246034162	25.1911463590745	22.1328456860158	28.6720408160288	30.2120689655172	9.45788498445877	24.1843487533394	36.239789177695	4
1998	3.27437709714983	0.003433465731054	3.15952936337847	3.38922483092119	26.4267590490693	23.5595053534529	29.6429650521169	30.8896551724138	6.8135079375013	25.773526548864	36.0057837959635	6
1998	3.30837337153697	0.00299797179793664	3.20105604554087	3.41569069753307	27.3406162571388	24.5584513507807	30.437965596571	29.5603448275862	5.51900749942633	24.9558015049758	34.1648881501966	8
1998	3.34432741769336	0.00275686798611702	3.24141588259905	3.44723895278767	28.3415072585098	25.5699001057727	31.4135381977038	31.5206896551724	5.19617247637524	27.0528472021261	35.9885321082188	10
1998	3.37042476031027	0.00239748076303002	3.27445517085998	3.46639434976055	29.0908810855369	26.4288223647399	32.0210772411076	30.9775862068966	4.06415884389928	27.0262734358389	34.9288989779542	20
1998	3.38733224158067	0.0023811075987132	3.29169091708536	3.48297356607598	29.5869161479472	26.8882911088787	32.556386852588	30.9775862068966	4.06415884389928	27.0262734358389	34.9288989779542	30
1999	3.38291291235378	0.00423932901216612	3.25529705780139	3.51052876690617	29.4564503227364	25.9273153014352	33.4659587978169	16.2913793103448	6.32484703882179	11.3621265896642	21.2206320310255	0
1999	2.93753911471015	0.0104600154330301	2.73708164967697	3.13799657974333	18.8693538141356	15.4418545338077	23.0576264388132	14.498275862069	3.70014273942883	10.7280678641211	18.2684838600168	2
1999	2.98572214226481	0.00453690904734567	2.85370324287429	3.11774104165533	19.8007960663762	17.3519213843344	22.5952801524439	22.2387931034483	4.52121733994618	18.0712148458582	26.4063713610383	4
1999	3.12243676906342	0.00352770611387109	3.0060235575836	3.23884998054325	22.7016309304628	20.2068884284131	25.504374348813	26.6198275862069	4.11340322975989	22.6446483641534	30.5950068082604	6
1999	3.19310098133341	0.00312857012351584	3.08347108127646	3.30273088139037	24.3638623038121	21.8340588081761	27.1867815129651	26.8163793103448	3.66134396447421	23.065990134016	30.5667684866736	8
1999	3.24490824760823	0.00284812370908087	3.14030732963518	3.34950916558128	25.6593556449666	23.1109684529044	28.4887469539226	27.65	3.57602754657154	23.9435640538505	31.3564359461495	10
1999	3.30902882524577	0.00234909510583799	3.21403259501221	3.40402505547932	27.3585426397805	24.8792119917531	30.08495026373	29.0836206896552	3.03296139985815	25.6702023862978	32.4970389930125	20
1999	3.31100096244213	0.00232942978468662	3.21640319576209	3.40559872912218	27.4125506774843	24.9382606330807	30.1323314284736	29.0836206896552	3.03296139985815	25.6702023862978	32.4970389930125	30
2000	3.36664753880393	0.00431437610503884	3.23790707412744	3.49538800348041	28.9812056484706	25.4803374446647	32.9630752600103	2.43534482758621	0.984902906418841	0.490196245781048	4.38049340939137	0
2000	2.8368820745321	0.0148722907101769	2.59785615126809	3.07590799779612	17.0624829645854	13.4349047354482	21.6695488840066	6.75431034482759	1.21643022352254	4.59258919105123	8.91603149860394	2
2000	2.76094887476828	0.00677251292699914	2.59965012815083	2.92224762138573	15.8148421356266	13.4590282760328	18.5830081225236	11.1068965517241	1.67691490915159	8.56877986508486	13.6450132383634	4
2000	2.96123321328989	0.00410277944923477	2.83568944589309	3.08677698068668	19.3217849510962	17.0421458884495	21.9063594537961	18.7051724137931	2.36565893777249	15.6905554604561	21.7197893671301	6
2000	3.07481946221156	0.00341340125458847	2.96030779355012	3.189331130873	21.6459736425176	19.3039124609481	24.2721870957735	21.5120689655172	2.44392499530634	18.4479896157012	24.5761483153332	8
2000	3.14074686418531	0.00309412595696287	3.03172212260677	3.24977160576386	23.1211287547648	20.732906470111	25.7844502248194	22.2844827586207	2.42135432964099	19.2345852533348	25.3343802639065	10
2000	3.24141040150776	0.00240157003714317	3.14535900144149	3.33746180157402	25.5697599552	23.2280128667289	28.1475917857377	25.9008620689655	2.36294126927008	22.8879772088974	28.9137469290337	20
2000	3.22280610794422	0.00235456480474997	3.12769934607143	3.317912869817	25.0984504191772	22.8214149212309	27.6026800099001	25.9008620689655	2.36294126927008	22.8879772088974	28.9137469290337	30
2001	3.35834202937009	0.00431610254383417	3.22957580890683	3.48710824983335	28.7414987932698	25.2689358397023	32.6912758860866	9.50948275862069	2.8810920713645	6.18262188065271	12.8363436365887	0
2001	2.83803398431607	0.0139690096929046	2.60638047660194	3.0696874920302	17.0821487300704	13.5499177419426	21.5351717105267	6.87672413793103	1.42803097033607	4.53451924176097	9.2189290341011	2
2001	2.65614679946216	0.00840226190678812	2.47648564800999	2.83580795091432	14.2413086232574	11.8993722664782	17.0441655879797	8.53620689655172	1.0474381479859	6.53025615206605	10.5421576410374	4
2001	2.84033984800797	0.00491494593494526	2.7029307642337	2.97774893178225	17.1215832844875	14.9234046767215	19.6435478711447	13.6241379310345	1.26231866825208	11.4220199968726	15.8262558651963	6
2001	2.97850855790505	0.00373117076325164	2.85878527026181	3.0982318455483	19.6584752921639	17.4403287781592	22.1587365541287	17.8931034482759	1.47099776790371	15.5159233909014	20.2702835056503	8
2001	3.05450958289697	0.00334996000805872	2.94106705838804	3.1679521074059	21.2107808461083	18.9360413974808	23.7587790741463	19.5327586206897	1.60460797505059	17.0499654361988	22.0155518051805	10
2001	3.18474604001781	0.00252398658409935	3.08627702528995	3.28321505474567	24.1611516609888	21.8954099885146	26.661352762589	24.0094827586207	1.82168858345328	21.3640718525053	26.6548936647361	20
2001	3.15101857842911	0.00243955644455984	3.05421052071994	3.24782663613827	23.3598463026634	21.2044384522443	25.7343489908028	24.0094827586207	1.82168858345328	21.3640718525053	26.6548936647361	30
2002	3.3576971940075	0.00425245821858855	3.22988387900265	3.48551050901236	28.7229712327293	25.2767216424127	32.639085404647	1.90344827586207	0.66663808748983	0.30314927976761	3.50374727195653	0
2002	2.93148437108055	0.00895136519370146	2.74604552798633	3.11692321417477	18.7554498918342	15.5808956816762	22.5768086656786	4.18965517241379	0.659014957131235	2.5985323426752	5.78077800215239	2
2002	2.70816239185272	0.00688495030634991	2.54553021454185	2.87079456916359	15.0016829556619	12.7499865224591	17.6510375995903	5.33275862068966	0.581442987671319	3.83821140449402	6.8273058368853	4
2002	2.80198371089969	0.00491796859353214	2.66453238079003	2.93943504100934	16.477300573282	14.3612323874398	18.9051626530138	7.82758620689655	0.626428437323988	6.27630045474647	9.37887195904663	6
2002	2.92621849895046	0.00377475312659828	2.80579802057929	3.04663897732162	18.6569456738913	16.5402701166768	21.0444944020338	12.9594827586207	0.88159398011974	11.1191753294046	14.7997901878368	8
2002	3.00252603345388	0.00336760662432405	2.88878511026436	3.11626695664339	20.1363377967351	17.9714629877057	22.5619973255157	15.8120689655172	1.08576449298037	13.7697485018697	17.8543894291648	10
2002	3.15149574403527	0.00254252158526285	3.05266583498975	3.25032565308079	23.3709954776742	21.1717095431976	25.7987399885221	21.6336206896552	1.452046240378	19.271803415386	23.9954379639243	20
2002	3.1159188092858	0.00246355263026446	3.01863580057192	3.21320181799967	22.5541437929373	20.4633565346866	24.8585514976604	21.6336206896552	1.452046240378	19.271803415386	23.9954379639243	30
2003	3.36329471339862	0.00415951645633436	3.23688585920456	3.48970356759267	28.8841994392114	25.4543298257706	32.7762303291707	54.6551724137931	22.4975947597889	45.3585730339551	63.9517717936311	0
2003	3.0786499325652	0.00503449002870152	2.93957981753591	3.21772004759449	21.729046906093	18.9078998749349	24.9711222594898	36.7594827586207	9.93725536902601	30.5808939047115	42.9380716125298	2
2003	2.88850909023405	0.0043861590072618	2.75870204711891	3.0183161333492	17.9665031884806	15.7793487996817	20.45681611577	24.1327586206897	3.68931164862215	20.3680727600438	27.8974444813355	4
2003	2.86015467193469	0.00387090442748046	2.7382101499232	2.98209919394617	17.4642279536142	15.4592905068509	19.7291885989617	19.8715517241379	2.08397554342157	17.0420994012301	22.7010040470457	6
2003	2.92955795792024	0.0033889911495056	2.8154564750204	3.04365944082007	18.7193539253703	16.7007975375248	20.9818848827989	20.2612068965517	1.54867368890419	17.822070811112	22.7003429819915	8
2003	2.99147996482367	0.00308173060360474	2.88267382397304	3.10028610567431	19.9151343906586	17.8619691471967	22.2043031498707	21.7879310344828	1.42835351607318	19.4454616393045	24.130400429661	10
2003	3.14673817310869	0.0024000447872767	3.05071727926365	3.24275906695374	23.2600703852893	21.1304954543505	25.6042682717702	24.8801724137931	1.48325063364416	22.493112373868	27.2672324537182	20
2003	3.13177087327362	0.00235386804662309	3.03667818434378	3.22686356220346	22.914522348965	20.835915082239	25.2004931105138	24.8801724137931	1.48325063364416	22.493112373868	27.2672324537182	30
2004	3.37306679828551	0.00408627876648142	3.24777574310073	3.49835785347029	29.1678419200539	25.7330393249403	33.0611161600604	17.048275862069	9.33549283434508	11.0596842686791	23.0368674554589	0
2004	3.19727068801943	0.00458647579565734	3.06453257963832	3.33000879640055	24.4656645586305	21.4244454243622	27.9385874611617	29.2543103448276	6.74057493428875	24.1656373677575	34.3429833218977	2
2004	3.06836740941268	0.00416741230289736	2.9418386336231	3.19489618520226	21.5067622602226	18.9506576161041	24.4076396865864	24.0965517241379	3.55620460187329	20.4004029719154	27.7927004763605	4
2004	2.96077434026089	0.00324805876976483	2.84907052398799	3.07247815653378	19.3129207390395	17.271720727412	21.595353083752	20.1327586206897	2.19571901662599	17.2284387047248	23.0370785366546	6
2004	2.96746984357028	0.00301600259902047	2.8598302802843	3.07510940685626	19.4426643283801	17.4585636226661	21.6522506866082	18.7827586206897	1.63296159542733	16.2781258601849	21.2873913811944	8
2004	3.00463856318015	0.00282107099981409	2.90053560283374	3.10874152352656	20.1789213726071	18.1838821004813	22.392845791223	20.3646551724138	1.50796922262553	17.9577869654614	22.7715233793662	10
2004	3.15347768424938	0.00232762477088006	3.05891657533133	3.24803879316744	23.4173613254469	21.3044628731952	25.7398092930326	24.0793103448276	1.45268852869391	21.7169707731676	26.4416499164875	20
2004	3.1543008813791	0.00234352303493919	3.05941738391499	3.24918437884321	23.4366463666818	21.3151350031964	25.7693133463395	24.0793103448276	1.45268852869391	21.7169707731676	26.4416499164875	30
2005	3.3876175158238	0.00403516798549317	3.26311249049121	3.5121225411564	29.5953577370847	26.1307423888964	33.5193385075123	39.701724137931	26.3655679850637	29.6376312343743	49.7658170414878	0
2005	3.27580256006746	0.00488361586079389	3.13883213008045	3.41277299005447	26.4644562757429	23.0769002973755	30.3492859502608	31.8120689655172	14.3846797359034	24.378349460892	39.2457884701425	2
2005	3.19864342797279	0.00445579085589571	3.06781007537488	3.3294767805707	24.4992726161397	21.4947791491802	27.9237276435484	31.6672413793103	8.15321322777812	26.0706903042434	37.2637924543772	4
2005	3.06852351828782	0.00321015112777213	2.95747345492697	3.17957358164867	21.5101199187602	19.24927610183	24.0365017609913	26.6181034482759	4.82604137983186	22.3123258687019	30.9238810278499	6
2005	3.02605741400096	0.00282841449792426	2.92181904709498	3.13029578090694	20.6157926175019	18.5750456293793	22.8807462295343	23.5275862068966	3.20429897573899	20.0190772721496	27.0360951416435	8
2005	3.03319860706863	0.00267790258304335	2.93177163549293	3.13462557864434	20.7635408944238	18.7608384390581	22.9800300170409	23.0922413793103	2.45510974038843	20.0211585769951	26.1633241816255	10
2005	3.16385893457877	0.00231160652917584	3.06962376257552	3.25809410658202	23.6617290420101	21.5337993295082	25.9999367826509	25.4836206896552	1.58153327544485	23.0187437696145	27.9484976096958	20
2005	3.17862004832744	0.0023480449256586	3.08364505484805	3.27359504180683	24.0135930794676	21.837857687812	26.4060999402928	25.451724137931	1.55054905396666	23.0111116644485	27.8923366114135	30
2006	3.40649597577359	0.00401731463205473	3.28226668820217	3.530725263345	30.1593796946154	26.6360800134335	34.148725454543	36.2224137931034	16.8243140476041	28.1829931146418	44.2618344715651	0
2006	3.31464928457991	0.00488379712378607	3.1776763126813	3.45162225647851	27.5127431490475	23.9909412860203	31.5515354967143	37.0715517241379	14.7691886356051	29.539134113401	44.6039693348749	2
2006	3.24606462857374	0.00414698701296001	3.1198463045911	3.37228295255638	25.689044798099	22.6428992660618	29.1449877899633	34.8198275862069	9.90560758130463	28.6510852440159	40.9885699283979	4
2006	3.14897389171308	0.00330601091874888	3.03627796656285	3.26166981686331	23.3121315327415	20.8275778470073	26.0930714359534	31.0094827586207	6.58147747303753	25.9812222382796	36.0377432789618	6
2006	3.08478092852684	0.00281241678187815	2.98083776949623	3.18872408755745	21.8626768285967	19.7043174079476	24.2574572981081	27.2948275862069	4.49222818490936	23.1406316597793	31.4490235126345	8
2006	3.06593775434178	0.00263589811145593	2.96530939757805	3.16656611110552	21.4545716744735	19.400704844074	23.7258723038467	25.2120689655172	3.23619714416839	21.6861400171354	28.7379979138991	10
2006	3.16816918622268	0.00228860232453566	3.07440408242635	3.261934290019	23.7639371616313	21.6369842097787	26.099973265532	26.4060344827586	1.66675658937772	23.8756171034013	28.9364518621159	20
2006	3.18824678838789	0.00230758208518046	3.09409368255261	3.28239989422317	24.2458819965446	22.0672295565082	26.6396283359907	26.3586206896552	1.54173853182302	23.924952112414	28.7922892668964	30
2007	3.43012590954007	0.00402897229615285	3.3057165048598	3.55453531422035	30.8805306583219	27.2680722973601	34.9715654022189	9.82844827586207	11.4270284044684	3.20288623792101	16.4540103138031	0
2007	3.32569747213865	0.00483343962179978	3.18943250359902	3.46196244067828	27.8183944329307	24.2746477582658	31.8794767500839	18.3137931034483	9.90230135386027	12.1460803279545	24.4815058789421	2
2007	3.22586642044118	0.00393988418960624	3.10284016672763	3.34889267415473	25.1753771705606	22.2610867793224	28.4711892983005	23.9956896551724	8.89013216565492	18.1516900207114	29.8396892896334	4
2007	3.19081649141539	0.00321105085586634	3.0797508668149	3.30188211601588	24.3082668338391	21.7529823312926	27.1637161041178	26.2525862068966	6.80396865938628	21.140040265597	31.3651321481961	6
2007	3.13195070144871	0.00280552947281488	3.02813489329424	3.23576650960318	22.9186433962311	20.6586660186611	25.4258534722975	24.5370689655172	4.92418008271273	20.1877322108213	28.8864057202132	8
2007	3.0977425332394	0.0026157665015619	2.99749918636591	3.1979858801129	22.1478966638453	20.0353694944428	24.4831684670666	22.9275862068966	3.64282120282871	19.1866956801921	26.668476733601	10
2007	3.16374561869467	0.00225231628826108	3.07072681278434	3.256764424605	23.6590479441726	21.5575652964728	25.9653881097714	24.6905172413793	1.69553602905897	22.1383473392699	27.2426871434887	20
2007	3.17725884348334	0.00224260104607533	3.08444087012363	3.27007681684304	23.9809278972894	21.8552435055781	26.3133605749218	24.9284482758621	1.50624560621232	22.5229559934331	27.333940558291	30
2008	3.45945844654416	0.00405111569751202	3.33470763066081	3.58420926242751	31.7997505858834	28.0701751654031	36.024860242794	6.98793103448276	6.12275137159188	2.1380690087023	11.8377930602632	0
2008	3.34968265300615	0.00493698589611746	3.21196582390191	3.48739948211038	28.4936898220195	24.8278454548833	32.7007980273121	7.69224137931035	6.76123653180216	2.5957753232504	12.7887074353703	2
2008	3.21777787839114	0.0041279039526667	3.09185029672388	3.3437054600584	24.972566401141	22.0177797346958	28.3238855222389	16.5034482758621	6.8875257108288	11.3596054739561	21.647291077768	4
2008	3.21824668425172	0.003102440878873	3.10907554850477	3.32741781999867	24.9842764312745	22.4003268104047	27.8662929374941	20.6715517241379	6.19695612209775	15.7923892305689	25.550714217707	6
2008	3.17512241143524	0.00277327272379598	3.07190514303632	3.27833967983416	23.9297489640098	21.5829821996329	26.5316850184988	21.3586206896552	4.94519202286334	17.0000142982691	25.7172270810413	8
2008	3.13562315587556	0.00258353928206726	3.035999240544	3.23524707120712	23.002965809969	20.821773468105	25.4126497373116	20.5836206896552	3.83778700429731	16.743927660817	24.4233137184934	10
2008	3.16215801484804	0.00224675526056974	3.06925411283631	3.25506191685977	23.6215165490256	21.5258408372197	25.9212194448224	22.6586206896552	1.74165613200659	20.0719730142427	25.2452683650676	20
2008	3.17271673616609	0.00225428880353623	3.07965720754239	3.26577626478979	23.8722509472382	21.7509450581987	26.2004415791169	23.475	1.46787993877381	21.1003405354044	25.8496594645956	30
2009	3.49464434599368	0.00407893195483744	3.36946597327018	3.61982271871718	32.9385711347748	29.0630024927196	37.3309491568327	54.15	28.3666235371425	43.7109760523176	64.5890239476824	0
2009	3.38756771543581	0.00498845055637433	3.24913494598664	3.52600048488498	29.5938839134854	25.7680395270533	33.9877608525618	38.1172413793103	15.3591040323758	30.4358655877757	45.798617170845	2
2009	3.26706765653622	0.00382310699500828	3.14587835077031	3.38825696230214	26.2342984696744	23.2400794527364	29.6142884363041	28.8793103448276	9.44716085695809	22.85500846427	34.9036122253852	4
2009	3.25418785677425	0.00305321528059362	3.1458862786605	3.36248943488799	25.8985726403134	23.2402636982646	28.8609489769117	28.2896551724138	7.9094065127146	22.7774164203962	33.8018939244314	6
2009	3.22105147633455	0.00276438781178182	3.11799968247466	3.32410327019444	25.0544504978332	22.6011249700372	27.7740816256076	28.4913793103448	6.49218375159063	23.4973455599472	33.4854130607425	8
2009	3.18338090977645	0.00257253702398317	3.08396934992884	3.28279246962405	24.1281910450757	21.8449407460737	26.6500884518218	26.8775862068966	5.12362147193191	22.44104428254	31.3141281312531	10
2009	3.17409803734595	0.00220997096870741	3.08195779383972	3.26623828085217	23.9052485001703	21.8010425891043	26.2125494007567	25.1129310344828	2.18460970909736	22.2159676832357	28.0098943857298	20
2009	3.19786989839175	0.0021873724003113	3.10620196608696	3.28953783069654	24.480329031713	22.3360500216842	26.8304605746823	25.7672413793103	1.70549914471077	23.2075840752321	28.3268986833885	30
2010	3.53490451666942	0.00412635906622224	3.40900050168658	3.66080853165226	34.2917402683316	30.2350093112145	38.8927762028026	40.1405172413793	13.399230148424	32.9659453002677	47.3150891824909	0
2010	3.40038474666212	0.0049187762687275	3.2629221302388	3.53784736308543	29.9756308529508	26.1257686075998	34.3928042281977	44.476724137931	13.7698139354778	37.203614953096	51.7498333227661	2
2010	3.32246706395118	0.00390059639240684	3.20005574461726	3.4448783832851	27.7286746575636	24.5338977917334	31.3394718112863	34.2327586206897	9.59729566931598	28.1607761566797	40.3047410846996	4
2010	3.28393082373189	0.00307962146503081	3.17516192275343	3.39269972471035	26.6804429632987	23.9306944786143	29.7461503824713	31.9594827586207	8.14422514185285	26.3660173475413	37.5529481697001	6
2010	3.25606550502661	0.00277893792629087	3.15274286502143	3.35938814503178	25.9472467320815	23.4001601187398	28.7715814575278	31.2827586206897	7.09097941047625	26.0634955976867	36.5020216436926	8
2010	3.22618740004688	0.00260725707296736	3.12610723831884	3.32626756177493	25.1834592502202	22.7851096782081	27.8342579326735	29.9620689655172	5.87005382063959	25.2133429513773	34.7107949796571	10
2010	3.19045268215908	0.00221051915303651	3.09830101164625	3.28260435267191	24.2994248698519	22.1602692404761	26.645075589925	26.3163793103448	2.48578385432964	23.226171023709	29.4065875969807	20
2010	3.22803636818971	0.00219042357205619	3.13630452424002	3.31976821213941	25.2300657377777	23.0186446440848	27.6539399680148	26.8155172413793	1.80364713060892	24.1832386054923	29.4477958772663	30
2011	3.58121919659577	0.00417479912767603	3.45457833301343	3.7078600601781	35.9173044187194	31.6449422411607	40.7664753146233	37.5827586206897	34.2584583933079	26.1107364029753	49.054780838404	0
2011	3.37150835284053	0.00466105206033827	3.23769543270576	3.50532127297531	29.1224208320107	25.4749453204415	33.2921379986709	38.1198275862069	22.378015637712	28.8479677472191	47.3916874251947	2
2011	3.33470878775161	0.00411223472775875	3.2090204393252	3.46039713617802	28.0702076451633	24.7548254905351	31.8296146964903	38.176724137931	15.6101334172977	30.4328305090199	45.9206177668422	4
2011	3.29220540655396	0.00312477009936666	3.18264210606641	3.40176870704152	26.9021284107507	24.11037163135	30.0171446585039	33.7844827586207	11.7078626634958	27.0779989400996	40.4909665771418	6
2011	3.27116056321576	0.00277019494400756	3.16800058601093	3.37432054042058	26.3418930421851	23.7599308945323	29.2044338060596	32.4508620689655	9.75047553299122	26.3306147857637	38.5711093521673	8
2011	3.25232054292181	0.00261170596357863	3.15215503174315	3.35248605410048	25.8502570011342	23.3864087680515	28.573681134727	31.8870689655172	8.09231044130838	26.3114596004944	37.4626783305401	10
2011	3.20134241090146	0.00223551285917588	3.10867123847006	3.29401358333286	24.5654850476127	22.3912719641003	26.950816219463	27.4060344827586	3.38783216774099	23.7984458067045	31.0136231588127	20
2011	3.24404935701845	0.00221796233142751	3.15174267203621	3.3363560420007	25.6373265275185	23.3767671434309	28.1164845184037	27.5310344827586	2.26395414815278	24.5819318640721	30.4801371014451	30
2012	3.63514166676914	0.00418627058252077	3.50832693154562	3.76195640199267	37.9072227105397	33.3923533296596	43.0325326112949	15.2181034482759	6.71889241348019	10.1376214735391	20.2985854230127	0
2012	3.32799632770023	0.00527333396623975	3.18566558694228	3.47032706845818	27.882418466494	24.1833791917528	32.1472550786372	22.3801724137931	10.3376631959655	16.0783340364923	28.6820107910939	2
2012	3.29115120585039	0.00402333936667988	3.16682880034343	3.41547361135736	26.8737831114949	23.7321056538422	30.4313586521871	30.348275862069	11.2175213300791	23.7837324703599	36.9128192537781	4
2012	3.27959842926682	0.00316847555456324	3.16927157083964	3.389925287694	26.5651027898512	23.7901486052886	29.6637359414595	29.3275862068966	9.78825750464151	23.1954927609492	35.4596796528439	6
2012	3.2699948616242	0.00276921795563358	3.16685307717986	3.37313664606853	26.3112041460638	23.7326818012828	29.1698793003	29.1206896551724	8.67764357385735	23.3469529489023	34.8944263614425	8
2012	3.261414688593	0.00258033643359969	3.16185254496744	3.36097683221856	26.0864152049034	23.6143019891572	28.8173268282532	29.2387931034483	7.70499917860942	23.798248567784	34.6793376391125	10
2012	3.20315874731491	0.00222043759598136	3.11080056917825	3.29551692545156	24.6101447788888	22.4390011847027	26.9913629868143	26.4094827586207	3.56950717869287	22.7064274285363	30.1125380887051	20
2012	3.2402761404414	0.00220159346749242	3.14831070419104	3.33224157669176	25.5407736141534	23.2966763434078	28.0010378816988	26.6655172413793	2.26175876671465	23.7178448582589	29.6131896244998	30
2013	3.69811965878934	0.00412399201605095	3.57225176086114	3.82398755671753	40.3713210864469	35.596658135777	45.786420737819	27.4913793103448	10.4959397229697	21.141481512761	33.8412771079287	0
2013	3.31961331241114	0.00657632915538541	3.16066795675918	3.4785586680631	27.6496567119744	23.5863453273097	32.412970542106	23.0939655172414	6.74606536965183	18.0032205104615	28.1847105240213	2
2013	3.23958155106178	0.00424899281275316	3.11182032537311	3.36734277675046	25.5230394237569	22.4618951663229	29.001361488114	26.6637931034483	7.64288675761938	21.2452219109594	32.0823642959372	4
2013	3.26823570547834	0.00330071868667396	3.15563001775909	3.3808413931976	26.2649593174486	23.4678175767984	29.3954938796376	29.3879310344828	7.8689762083568	23.889798715047	34.8860633539185	6
2013	3.27007513910493	0.0028510560818702	3.16542038744924	3.37472989076061	26.3133164280308	23.698704577008	29.2163910981623	28.5637931034483	7.24065090639798	23.289735413015	33.8378507938816	8
2013	3.2675801977553	0.00261486123419592	3.16735419854708	3.36780619696353	26.247748075438	23.7445777356393	29.0148044198567	28.5568965517241	6.73649649540021	23.4697632787766	33.6440298246716	10
2013	3.20405987985003	0.00221514819046779	3.1118117726147	3.29630798708536	24.6323317762543	22.4617030559818	27.012723266052	26.4956896551724	3.51196342334731	22.8226039378047	30.1687753725402	20
2013	3.23054678615616	0.00218882660560991	3.13884838765263	3.32224518465968	25.2934833171099	23.0772754747976	27.722522921373	26.6801724137931	2.14041211642364	23.8126635321237	29.5476812954625	30
2014	3.77036020014585	0.00399293386315124	3.64650845518971	3.894211945102	43.3956931560252	38.3405642758709	49.1173309537609	12.0887931034483	6.69115340186078	7.01880938467872	17.1587768222178	0
2014	3.37169656640576	0.00721333071755518	3.20523116073671	3.53816197207481	29.1279025825173	24.6612000587917	34.4036262158358	16.9163793103448	4.71171684971942	12.6619073748536	21.170851245836	2
2014	3.23336206378464	0.00488367680902834	3.09639077909488	3.3703333484744	25.3647918243635	22.1179783783763	29.0882219562296	19.4431034482759	4.66936359179757	15.207796236957	23.6784106595947	4
2014	3.280533165262	0.0035254385704579	3.16415737391229	3.39690895661171	26.5899457566434	23.6687916864883	29.8716227134169	24.1629310344828	5.59431411279387	19.527079753897	28.7987823150686	6
2014	3.28978500242718	0.00297497751670751	3.18288002766836	3.396689977186	26.8370931257121	24.1161086920505	29.8650821587796	24.9310344827586	5.74842293009575	20.2317641640543	29.630304801463	8
2014	3.28772606844369	0.00272702180540253	3.18537311554229	3.39007902134508	26.7818941676628	24.1763072792007	29.6682966064453	25.5637931034483	5.66329416734464	20.8994484685321	30.2281377383644	10
2014	3.21463483957524	0.00227480200642577	3.12115286597666	3.30811681317382	24.8941998746402	22.6725029391968	27.333602693117	25.0948275862069	3.46178030540084	21.4480790040823	28.7415761683315	20
2014	3.22462261966069	0.0021863699047119	3.13297569594831	3.31626954337306	25.1440834823779	22.9421469230858	27.557357046328	25.7129310344828	2.06081618843482	22.899244579049	28.5266174899165	30
2015	3.85122977582635	0.00383830023175644	3.72979990235893	3.97265964929378	47.0508897142653	41.6707691071443	53.1256386752029	49.5836206896552	26.5398814198844	39.4863136990448	59.6809276802655	0
2015	3.49946669534325	0.00611900535024644	3.34614751535097	3.65278587533554	33.0977960423622	28.3931385422199	38.5820011138563	36.7431034482759	14.0221883409475	29.4036457891171	44.0825611074346	2
2015	3.32196179171285	0.00496004678806089	3.18392369646007	3.45999988696563	27.7146676670231	24.1412910608103	31.8169729182559	30.0344827586207	7.61105930700711	24.6272056773349	35.4417598399065	4
2015	3.34429941667194	0.00360224804221776	3.22666270437946	3.46193612896443	28.3407136784687	25.1954319026126	31.8786379574489	29.448275862069	7.03974174437282	24.2479035787432	34.6486481453947	6
2015	3.34784374222056	0.00299234704614442	3.24062713710517	3.45506034733594	28.4413406159964	25.5497399139608	31.6601992333051	30.2948275862069	6.87933209212091	25.1540453339527	35.4356098384611	8
2015	3.33944754328957	0.00278064984831431	3.23609308302159	3.44280200355754	28.2035411650623	25.4341582361658	31.2744666783702	29.5163793103448	6.56184493449736	24.4956240384395	34.5371345822501	10
2015	3.24971007945673	0.00233798467478489	3.15493876561835	3.34448139329512	25.7828638516181	23.4516010031763	28.345871495129	27.3043103448276	4.09013852817239	23.3403885280119	31.2682321616432	20
2015	3.23968358576847	0.00218379536003423	3.14809063704911	3.33127653448783	25.525643792464	23.2915500745106	27.9740287329694	27.2405172413793	2.42117801750214	24.1907307780288	30.2903037047299	30
2016	3.93860495868792	0.00374664894906576	3.81863360126152	4.05857631611431	51.3469202381499	45.5419373413125	57.8918327119842	11.726724137931	9.12271305306965	5.80677359213486	17.6466746837272	0
2016	3.67851435649919	0.00475897810105257	3.54330307637433	3.81372563662405	39.5875373957333	34.5809542869687	45.3189667368187	24.0025862068966	8.72207471525127	18.2140870727419	29.7910853410512	2
2016	3.49276424930159	0.00457334720955778	3.36021625557767	3.62531224302551	32.8767016147068	28.7954173755799	37.5364418221321	24.276724137931	6.07985085893986	19.4438828349599	29.1095654409021	4
2016	3.46496807825057	0.00344341781561521	3.34995401876015	3.579982137741	31.9754390448859	28.501423082866	35.8729000703078	24.1310344827586	5.2712243152471	19.6310416683807	28.6310272971366	6
2016	3.44722438668226	0.00289176597624441	3.34182510692029	3.55262366644422	31.4130806281277	28.2706766566202	34.9047759462869	26.1525862068966	5.26927364301062	21.6534261045008	30.6517463092923	8
2016	3.42765877685809	0.00270809423795948	3.32566164540556	3.52965590831062	30.8044381955949	27.8173978085912	34.1122278609812	26.4086206896552	5.22028354924171	21.9304244810499	30.8868168982605	10
2016	3.31429106821724	0.00233848693448403	3.21950957525836	3.40907256117612	27.5028893992623	25.0158487813093	30.2371881090523	25.8818965517241	3.75729229248806	22.0826842556262	29.6811088478221	20
2016	3.27655959057339	0.0022229865465013	3.1841484163733	3.36897076477348	26.4844982617068	24.1467166992444	29.0486138099387	26.2224137931034	2.31651944218453	23.239270972336	29.2055566138709	30
2017	4.03042106661518	0.00379945607668433	3.90960719959574	4.15123493363462	56.2846058267419	49.8793554939052	63.5123854689501	69.7534482758621	60.1986374303774	54.5462432219234	84.9606533298007	0
2017	3.89262001548565	0.00434864731898868	3.76336923776796	4.02187079320334	49.039201824477	43.0933734818287	55.8054086110442	50.0715517241379	32.418904929908	38.9117817812254	61.2313216670505	2
2017	3.74358984739879	0.00383709710019952	3.6221790067785	3.86500068801908	42.2493871088598	37.4190153405513	47.7033052534618	42.0939655172414	19.0166173441183	33.5467883698339	50.6411426646489	4
2017	3.64441177168294	0.00309851724002452	3.53530969182523	3.75351385154065	38.2602604623725	34.3056372447024	42.6707575844445	36.7965517241379	12.5332377912677	29.8576983391085	43.7354051091673	6
2017	3.59025702442416	0.00272142125349201	3.48800922793243	3.6925048209159	36.2433901659188	32.720743282437	40.145277855717	34.7629310344828	10.0430839565471	28.5515293144624	40.9743327545031	8
2017	3.55468237377441	0.00255201856754616	3.45566805900587	3.65369668854296	34.9767086832069	31.6794453533048	38.6171581183412	34.2629310344828	8.74303754146067	28.4674799718583	40.0583820971072	10
2017	3.41558107852657	0.00219552883570255	3.32374239617956	3.50741976087358	30.4346291998919	27.7640604895544	33.3620745021571	30.2112068965517	5.27702329359367	25.7087394969286	34.7136742961749	20
2017	3.35740333693327	0.00215989014788657	3.26631308502825	3.4484935888383	28.7145320244609	26.2145102822575	31.4529754897556	28.9525862068966	3.19240337578488	25.4505958002256	32.4545766135675	30
2018	4.12357207006572	0.00406950238925516	3.9985384730665	4.24860566706493	61.7795293972932	54.5184116504422	70.0077301778848	117.956896551724	63.0245022112356	102.396853888072	133.516939215377	0
2018	4.0821384112036	0.00552049762727157	3.93651031060167	4.22776651180554	59.2720825119713	51.2394790749356	68.5639243164057	101.555172413793	49.8637883054843	87.7147703548084	115.395574472778	2
2018	3.99751833708049	0.0041460866463388	3.87131371568898	4.123722958472	54.4628238152138	48.0054101343603	61.7888519153373	74.9672413793104	29.3453625070405	64.3496548076338	85.5848279509869	4
2018	3.84413761691723	0.0031422307118235	3.73426863356642	3.95400660026804	46.7183778348822	41.8574012673929	52.1438685020103	61.6034482758621	19.7824081607109	52.8858741184381	70.3210224332861	6
2018	3.75408545567366	0.00273826281918939	3.65152176596722	3.85664914538009	42.6951553381026	38.5332600583028	47.3065680554046	53.6672413793103	14.8390227277468	46.1170367654663	61.2174459931544	8
2018	3.70067793268633	0.00256447889430502	3.60142219169186	3.79993367368081	40.4747342065114	36.6503211785219	44.698219726592	49.8034482758621	12.2864714103928	42.933243870594	56.6736526811302	10
2018	3.53706057739196	0.00222806036910391	3.44454400204489	3.62957715273903	34.3657551041999	31.3289942316853	37.6968732270186	38.9508620689655	6.86497529309302	33.8154468875078	44.0862772504232	20
2018	3.46506835428573	0.00215143075712721	3.37415665868731	3.55598004988415	31.9786455759021	29.1996481249819	35.0221265849518	34.6568965517241	4.04296978325719	30.7158976023002	38.5978955011481	30
2019	4.21544208808915	0.0046033939027183	4.0824593899037	4.3484247862746	67.724099271481	59.291110641617	77.356513860175	59.1120689655172	40.4843828879571	46.6411104898276	71.5830274412069	0
2019	4.18286104525356	0.00561797385336494	4.03595288225678	4.32976920825033	65.5531356621209	56.5968246619705	75.9267612768369	78.3801724137931	31.1138851122306	67.4473273564832	89.313017471103	2
2019	4.16038013858662	0.00439951724546899	4.03037557924275	4.29038469793048	64.0958832879054	56.2820456461426	72.9945439489968	73.698275862069	25.7823395811169	63.7461185213303	83.6504332028076	4
2019	4.0087308040305	0.00331397187358661	3.89589927319992	4.12156233486107	55.0769227757287	49.2002779661069	61.6554935834565	64.7560344827586	19.9283214557649	56.0063693631974	73.5056996023199	6
2019	3.9028794903662	0.00285248322256318	3.79819854870155	4.00756043203086	49.5449079878532	44.6207299756584	55.0124999941492	57.3060344827586	15.274945566577	49.6457322114013	64.9663367541159	8
2019	3.83554428616682	0.00267419030934977	3.73418764113356	3.93690093120007	46.3186313986433	41.8540112719148	51.2594981805966	52.6327586206897	12.5530275674323	45.6884292288011	59.5770880125782	10
2019	3.64811661675878	0.0023570990288043	3.55295868682619	3.74327454669136	38.4022717023327	34.9164717167085	42.2360679470969	41.5603448275862	7.08391352191418	36.34368285025	46.7770068049224	20
2019	3.55418987504594	0.0021881169624279	3.46250634259401	3.64587340749786	34.9594869398455	31.8968207748574	38.3162239184853	36.3	4.27028245405428	32.2497262962245	40.3502737037754	30
2020	4.30636802367078	0.0054687334463408	4.16142428835441	4.45131175898715	74.1706132343331	64.162843941949	85.7393396174004	92.6206896551724	44.5816123245093	79.5338748438505	105.707504466494	0
2020	4.20445005113307	0.00477094639577677	4.06906885718791	4.33983124507822	66.9837498976798	58.5024630744317	76.6945956556806	81.1137931034483	31.8897496714438	70.045475149133	92.1821110577636	2
2020	4.22234757444602	0.00396698369560092	4.09889894316556	4.34579620572649	68.1933855752617	60.2738860739447	77.1534430434969	84.8810344827586	27.1894057304379	74.6609160365737	95.1011529289436	4
2020	4.12347218897998	0.00323036559414981	4.01207303069552	4.23487134726444	61.7733590989741	55.2613102964603	69.0527943311404	75.9534482758621	22.1060335961783	66.7381057069133	85.1687908448108	6
2020	4.02423017707916	0.00287844384911393	3.91907396047379	4.12938639368454	55.9372304403033	50.353793577824	62.139781871561	67.823275862069	17.6704782448839	59.5841673407818	76.0623843833561	8
2020	3.94921396500788	0.00271401337399756	3.84710542580793	4.05132250420784	51.8945598591273	46.8572350008254	57.4734156406179	61.4577586206897	14.5068399279262	53.9925408564767	68.9229763849027	10
2020	3.73901219036134	0.00233621126125551	3.64427682641925	3.83374755430342	42.0564258967158	38.2550977697842	46.235483956938	47.1801724137931	8.09705155985982	41.6029299704025	52.7574148571837	20
2020	3.62008681405074	0.00217529777511383	3.52867224227535	3.71150138582613	37.3408093882658	34.0786893191136	40.9151899216019	40.148275862069	4.91544798381209	35.802797180196	44.4937545439419	30
2021	4.39642381786494	0.00676221461718301	4.23524775365759	4.55759988207228	81.1601057440271	69.0787911367664	95.3543432938829	4.73362068965517	4.61189343565513	0.524458086189639	8.9427832931207	0
2021	4.17434338590312	0.00559685902188693	4.0277115557349	4.32097521607133	64.997147603074	56.132308493676	75.2619892162771	33.7198275862069	8.14649259705447	28.1255835835874	39.3140715888264	2
2021	4.2008977169982	0.00421180386757101	4.07369682966772	4.32809860432868	66.7462233730081	58.7738383378043	75.8000236253742	52.8224137931035	12.1435745353276	45.9922779280628	59.6525496581441	4
2021	4.19334471350228	0.00341037555305887	4.0788838087154	4.30780561828916	66.2439879949347	59.0794890223751	74.2773171888992	58.2284482758621	13.9511273259695	50.9076115248175	65.5492850269066	6
2021	4.11842311934163	0.00310147130433804	4.00926904400431	4.22757719467894	61.4622471808918	55.1065753565874	68.5509452198877	56.6465517241379	13.1242466675011	49.5459809021637	63.7471225461122	8
2021	4.04165131938141	0.0029150267410946	3.93582898370226	4.14747365506055	56.9202587680015	51.2045801296753	63.2739463932948	53.373275862069	11.4815533017294	46.7319254599351	60.0146262642028	10
2021	3.80845035791881	0.0023382827285897	3.71367300339701	3.9032277124406	45.0805260301943	41.0041386132663	49.562163622711	43.9896551724138	7.32157268915451	38.6862078367032	49.2931025081244	20
2021	3.65876545238334	0.00215944565607437	3.56768457386114	3.74984633090554	38.8133962953656	35.4344522357916	42.5145483259209	38.2836206896552	4.67242444510503	34.0469255450507	42.5203158342597	30
2022	4.48650050541229	0.00860642525553009	4.30466969597218	4.66833131485239	88.8101109363592	74.0447541327058	106.519845962249	92.0077586206897	43.107043841396	79.1391915046077	104.876325736772	0
2022	4.14402215852989	0.010253191214608	3.94555639480718	4.3424879222526	63.0559330394343	51.7050985586264	76.8986193298776	62.5827586206897	20.1574257880134	53.7829423210597	71.3825749203196	2
2022	4.1684777772397	0.00747690157405171	3.99899838295568	4.33795717152372	64.6170157133296	54.5434909737754	76.5509989396207	62.2137931034483	15.2798168429397	54.5522694701337	69.8753167367628	4
2022	4.2528141644295	0.00519974338932675	4.11148004185311	4.39414828700588	70.3029783656749	61.0369880479995	80.9756333847562	67.5784482758621	15.118997029956	59.9573499960681	75.1995465556561	6
2022	4.20589385681821	0.0043798946857593	4.07617954216939	4.33560817146703	67.0805312665275	58.9199381679092	76.3713916701017	65.4741379310345	14.15730046728	58.0994050223047	72.8488708397643	8
2022	4.12932947619351	0.00402041270993947	4.00505229620256	4.25360665618447	62.1362451317363	54.8746940621493	70.3587149788656	61.7086206896552	12.6563456724451	54.7357720941911	68.6814692851192	10
2022	3.87492744006896	0.00314446710077444	3.76501936568707	3.98483551445085	48.1792022846702	43.1645417627746	53.776443302568	49.1534482758621	8.08645393954565	43.5798568435665	54.7270397081576	20
2022	3.70428067705206	0.00278263341558491	3.6008893595766	3.80767199452752	40.6208173191732	36.630797912137	45.0454506515384	42.1103448275862	5.31336817072408	37.592398926554	46.6282907286184	30
