jaar	mean	sd	p02.5	p50	p97.5	intercept	tijdvenster	gem_jaar	og_jaar	bg_jaar
1985	2.44044469054728	0.0619761431269072	2.31879265169245	2.44044037651139	2.56212214833212	2.44044469054728	0	11.478143830125	10.1633961364269	12.9632981876139
1986	3.06976768598442	0.0520602356452341	2.96751900490516	3.06974969363392	3.17212273688223	2.44044469054728	0	21.5368987703498	19.4436201792074	23.8580750579222
1987	1.95057154230949	0.0961812825977488	1.7619378771102	1.95056847377267	2.13922309137176	2.44044469054728	0	7.03270592113825	5.82371210475685	8.49283690686802
1988	1.98242085882167	0.080871791125742	1.8238061490077	1.98240969476516	2.14110041295409	2.44044469054728	0	7.2602978838019	6.19539422471817	8.50879566806486
1989	4.38882207531671	0.0508255367680683	4.2889711817152	4.38880710996912	4.48876155456309	2.44044469054728	0	80.5454865630848	72.8914378657254	89.0111421473541
1990	4.26845264598975	0.0505751627026342	4.16905073028181	4.26845083600858	4.36786529647937	2.44044469054728	0	71.411051907663	64.6540488371617	78.8750769519067
1991	3.54556680349098	0.0512166182500001	3.44490248208795	3.54556918397663	3.64621709042169	2.44044469054728	0	34.6593248021708	31.3402270641394	38.3293948135278
1992	2.42119039484173	0.0551584988231048	2.31285551349471	2.42118663242728	2.52954758710385	2.44044469054728	0	11.2592542988793	10.1032334229047	12.5478280531161
1993	3.15316051204301	0.0512906819414425	3.05235172210421	3.15316293352032	3.25395504795017	2.44044469054728	0	23.4099351670357	21.1650602807852	25.8925439258679
1994	3.32993575509217	0.0524629283381045	3.2269122049957	3.32991424676557	3.43308635889838	2.44044469054728	0	27.9365468647042	25.2017189626787	30.972086361637
1995	3.78598542105458	0.0509734373143383	3.68583774731192	3.7859733540753	3.8862045279272	2.44044469054728	0	44.079085623217	39.8785165800553	48.7255984701236
1996	4.01506241499568	0.0506131048249089	3.91556910075512	4.01506650744956	4.11453152668985	2.44044469054728	0	55.4267547551936	50.1776195080752	61.2235259555604
1997	3.41912639275561	0.0511032078221739	3.31866195433994	3.41913591426736	3.51953455722324	2.44044469054728	0	30.542721020365	27.6233644965343	33.7687074045646
1998	2.54314736709902	0.0527204179687199	2.43952118917441	2.54315990191197	2.64669969804216	2.44044469054728	0	12.7196414179136	11.4675486416284	14.1074030420392
1999	3.06701973236652	0.0520823791320504	2.96473463514681	3.06699944484576	3.16942475621769	2.44044469054728	0	21.4777976122668	19.3895572517056	23.7937931873377
2000	1.90121862455628	0.0623076170729445	1.7789463948745	1.90120477903172	2.0235720137001	2.44044469054728	0	6.69404700387431	5.92361198163809	7.56530008271983
2001	2.71428886614416	0.0536747087176579	2.6089001104548	2.71426789602218	2.81980136319519	2.44044469054728	0	15.0938724906752	13.5841016207329	16.7735185030843
2002	2.00072208161573	0.067112767277487	1.86904612434993	2.00071016740796	2.13246768856407	2.44044469054728	0	7.39439352729484	6.48211032218423	8.43565772423724
2003	3.99428810571996	0.0506243242774488	3.89480021796581	3.99428297806198	4.0938063769898	2.44044469054728	0	54.2871801313391	49.1462338472644	59.9677175738035
2004	2.83182356133701	0.0521113646858021	2.72937388755487	2.83183986216531	2.93417704326113	2.44044469054728	0	16.9763901038865	15.3232899132717	18.8060202241007
2005	3.64736629336211	0.051066759423276	3.54698423670223	3.64737198218475	3.74771473431548	2.44044469054728	0	38.3734683866413	34.7084869139987	42.4240209778523
2006	3.57412506617473	0.0509661195374564	3.47395693354263	3.57412474195799	3.67429516214152	2.44044469054728	0	35.6634040428208	32.26415731873	39.4208617470549
2007	2.67196153668531	0.0565209320924998	2.56088688141476	2.67198494576146	2.78289881790276	2.44044469054728	0	14.4683215200836	12.9472949403987	16.1658148452522
2008	2.36793863620844	0.057960419483276	2.25402792498791	2.36797048128284	2.48166272866131	2.44044469054728	0	10.6753637791741	9.52602879341917	11.961136016409
2009	3.94051717675084	0.0507392978397124	3.84078335563871	3.9405194505265	4.04023756447293	2.44044469054728	0	51.4452006833784	46.5619347113507	56.839844329324
2010	3.72016718831122	0.0509772993783426	3.61998815537088	3.72016318435118	3.82036994819249	2.44044469054728	0	41.2712936097171	37.3371255750298	45.6210826364057
2011	3.53655879830751	0.0510529008417816	3.43618836275017	3.53656968186501	3.63686488677475	2.44044469054728	0	34.3485154126873	31.0683110603621	37.9726015099206
2012	2.89733757148355	0.0529900264107975	2.79319671500218	2.89734635251278	3.00142672480886	2.44044469054728	0	18.125822363369	16.3331488585163	20.1142139092346
2013	3.39276380427777	0.0512834766393424	3.29199286030991	3.3927581736503	3.49356810210464	2.44044469054728	0	29.7480565639932	26.8964110720211	32.9031402684242
2014	2.70735211943233	0.0534739073696468	2.60226749171629	2.70736087810059	2.81238522757004	2.44044469054728	0	14.9895324289867	13.4943015876724	16.6495839407392
2015	3.87233007675093	0.0507631509225405	3.77256271962351	3.87232797445611	3.97210990411871	2.44044469054728	0	48.0542257669359	43.4913783510193	53.0964411380063
2016	2.99942255850793	0.0556223533495066	2.89016547766399	2.99942449205055	3.10866838479303	2.44044469054728	0	20.0739420487808	17.9962873387583	22.391208066733
2017	4.16587125384758	0.0507218106067496	4.06616243789604	4.16587658959629	4.26554850513721	2.44044469054728	0	64.4488092626004	58.3326772410598	71.203965004811
2018	4.8030063375213	0.0506333966386677	4.70351313655638	4.80299702660971	4.90255466877515	2.44044469054728	0	121.876268506377	110.334111169241	134.633284175197
2019	4.13491199704246	0.0511227409333011	4.03444721193018	4.13490876994679	4.23539589524589	2.44044469054728	0	62.4840920436049	56.5116726240322	69.0890253366401
2020	4.5668609768846	0.0507862426529663	4.46706432491403	4.56685356468377	4.66670150866552	2.44044469054728	0	96.241530730371	87.1006481183516	106.346380654088
2021	2.47181782377929	0.0621887068800477	2.34970744350605	2.47182813528064	2.5938681585846	2.44044469054728	0	11.8439575220433	10.4825025518944	13.3814331267203
2022	4.51437402530063	0.0506328090022856	4.41487007093418	4.51436873804614	4.61390929396024	2.44044469054728	0	91.3203838771234	82.6710988296282	100.877740545688
1985	2.4694645624263	0.054977749136012	2.36155498638129	2.46946030184602	2.57739852878476	2.4694645624263	2	11.8161183637952	10.607433048715	13.1628508027356
1986	2.70525776652447	0.0465681006789958	2.61378072589564	2.70524757799166	2.79679303247379	2.4694645624263	2	14.958171909617	13.6505624498004	16.3919937962389
1987	2.00794499550864	0.0481348927381788	1.91340845985443	2.00793670733253	2.10252893729434	2.4694645624263	2	7.44799594481739	6.77614570253819	8.18684777970564
1988	1.87597067723755	0.0763151839713469	1.72629921922055	1.87596396215729	2.02568052577855	2.4694645624263	2	6.52715180401912	5.61981766382798	7.58126843814044
1989	3.97287197119121	0.0454051104212835	3.88365679712884	3.97286293784518	4.06213873532426	2.4694645624263	2	53.1369196091607	48.6016167653001	58.0984354732628
1990	4.28657637628376	0.0451124390792803	4.19791543834369	4.28657278328414	4.37525783507814	2.4694645624263	2	72.7170859072545	66.5474640609141	79.4603245702641
1991	3.81263476410719	0.0452175146559877	3.72375800494856	3.81263511971972	3.90150950159376	2.4694645624263	2	45.2695564765604	41.4197576515072	49.4770784936101
1992	2.81118732888484	0.0460978779080811	2.72059736614921	2.81118728555044	2.90177756848735	2.4694645624263	2	16.6296513670128	15.1893931646576	18.2064798874323
1993	2.87655808391087	0.0458566575129238	2.78643508984167	2.87655904295798	2.96667562806731	2.4694645624263	2	17.7530633461228	16.2230827604408	19.4272287933335
1994	3.07528441719781	0.0456618882605109	2.98556455096755	3.07527703318373	3.16504647109992	2.4694645624263	2	21.6560403860048	19.7976758791009	23.6898449004011
1995	3.57323310671028	0.0454854047545815	3.48385752133537	3.57322550104678	3.66265213542603	2.4694645624263	2	35.6316079145869	32.5851779651263	38.9645452082591
1996	3.92214944664256	0.0451655608242031	3.83337135906146	3.92215066770525	4.01092057012602	2.4694645624263	2	50.5088943564142	46.2180936591422	55.1976604993099
1997	3.64466440615966	0.0452515598812003	3.55570951468371	3.64466891398039	3.73359356943004	2.4694645624263	2	38.2699275443213	35.012653148423	41.8291543722608
1998	2.86125431939817	0.0457977948647058	2.77123281206987	2.86125987798011	2.95124411138294	2.4694645624263	2	17.4834430105432	15.9783201385752	19.1297384551038
1999	2.75395546948951	0.0459737266242599	2.66362805971261	2.7539481666566	2.84432461532687	2.4694645624263	2	15.7046283691123	14.3482510928079	17.1899449221613
2000	2.14751587705258	0.0475094306090376	2.05420579100674	2.14750515057451	2.24088728675265	2.4694645624263	2	8.56355901952249	7.80064007328831	9.40166956453172
2001	2.33928623002868	0.0482329398567875	2.24456975230846	2.33927399793562	2.4340726365367	2.4694645624263	2	10.3738293916308	9.43635471310685	11.4052370074906
2002	1.91435347361425	0.0499138109870729	1.81635302606719	1.91434292134404	2.01241428051603	2.4694645624263	2	6.78255228014084	6.14939083730096	7.48135765739761
2003	3.58861471365104	0.0452743243107121	3.49963232426527	3.58861333099464	3.6776050101071	2.4694645624263	2	36.1839161066068	33.1032784486518	39.551554974153
2004	3.3074694821458	0.0453467717876299	3.21833169688408	3.30747312666907	3.39658647382224	2.4694645624263	2	27.3159145296524	24.9864005006666	29.8619911822833
2005	3.37890742713676	0.0454678914133381	3.28952071321604	3.37891566243697	3.46824712879789	2.4694645624263	2	29.3386989295877	26.8300013087273	32.0804602165516
2006	3.55351608223797	0.0453494483453221	3.46437131231528	3.55352034675674	3.64263651273233	2.4694645624263	2	34.9359394229397	31.9563628846652	38.1923988463273
2007	2.83603522851963	0.0458930656353726	2.74581828816381	2.83604425416322	2.92620065436548	2.4694645624263	2	17.0480397853615	15.5773554839591	18.6566127514093
2008	2.31804708079636	0.0497623933157648	2.22024801133806	2.31806944840638	2.41571839791128	2.4694645624263	2	10.155821428154	9.20961467152341	11.1978119533923
2009	3.57650897404958	0.0453670029286039	3.48732668064397	3.57651441059428	3.66566023384072	2.4694645624263	2	35.7485237309986	32.6984174479189	39.0819308602111
2010	3.73709146381474	0.0452165696964129	3.64821117269416	3.73709370134315	3.82595898700516	2.4694645624263	2	41.9757245304796	38.4059030367338	45.8767745082403
2011	3.55447386049119	0.0453745277362926	3.4652715279012	3.55448118383687	3.64363438604866	2.4694645624263	2	34.9694163351452	31.9851434530179	38.2305290434117
2012	3.03885893684561	0.0458099856248102	2.94879887278879	3.03886968892746	3.12885761917953	2.4694645624263	2	20.8814026367046	19.0830188239387	22.8478636669014
2013	3.1971144562059	0.0459054546983964	3.10689522918943	3.19711583335539	3.2873258359353	2.4694645624263	2	24.4618425420554	22.3515401497659	26.7711773277376
2014	2.85292826675059	0.0460503490827084	2.76242031963426	2.85293192278443	2.94341536141565	2.4694645624263	2	17.3384792688932	15.8381299330466	18.9805612133758
2015	3.54741650820193	0.0453477608728352	3.4582780154379	3.5474197236296	3.63653665157942	2.4694645624263	2	34.7234936469471	31.7622353175715	37.9601396109757
2016	3.14561463928172	0.0456194112215663	3.05594670450735	3.14561803413487	3.23526320658316	2.4694645624263	2	23.233951584819	21.241285231641	25.4130597832796
2017	3.83975313868836	0.0453239166247764	3.75065196549857	3.83975954285445	3.92881774970942	2.4694645624263	2	46.5139905176708	42.5488133174374	50.8468284427854
2018	4.59416898492964	0.0450786556823142	4.50556860704424	4.59416721326745	4.68277948144229	2.4694645624263	2	98.9059090856871	90.5197996141884	108.070034163874
2019	4.34435783661927	0.0451150585218895	4.25568943478014	4.34435507099725	4.43304203392284	2.4694645624263	2	77.042547687854	70.5054093173275	84.1871278712156
2020	4.40931151111604	0.0452598984279084	4.32036030215067	4.40930904171916	4.49827682362831	2.4694645624263	2	82.2128413871758	75.2157237974939	89.8621494756758
2021	3.53293064802268	0.0454937505033433	3.44352064537063	3.53292940323496	3.62234776892741	2.4694645624263	2	34.2241196364513	31.2969498955295	37.4253307868796
2022	4.1225580307555	0.0452177920543776	4.03368716177843	4.12255613344432	4.21143973892754	2.4694645624263	2	61.7169142783791	56.4687372372694	67.4535854859608
1985	2.48956482639138	0.0502158617510453	2.39098672272206	2.48956069344149	2.58816658474899	2.48956482639138	4	12.0560285132837	10.924267850048	13.3053549863843
1986	2.70686068067333	0.0432952227463843	2.62179369151672	2.70685347304097	2.79196889830822	2.48956482639138	4	14.9821678015516	13.7603833453384	16.313107052033
1987	2.04884923464299	0.0443877963960382	1.9616491865187	2.04884360263708	2.13608150715546	2.48956482639138	4	7.75896721620849	7.11104483938612	8.46619781088117
1988	1.62360931630436	0.0458486614669643	1.53355961435951	1.62360420102332	1.71368829177602	2.48956482639138	4	5.07136147118388	4.63464504370103	5.54939155365251
1989	3.50409642351564	0.0423416098684042	3.42088242398948	3.50409046039134	3.587344524633	2.48956482639138	4	33.2513851046073	30.5964021114859	36.1379848705895
1990	3.93682826025141	0.0420618175433314	3.85414993870466	3.93682537067749	4.01952310629222	2.48956482639138	4	51.2557732395849	47.1884867809449	55.6745486528883
1991	3.89927861903495	0.0420656465925602	3.81658990960413	3.89927675686936	3.98197797847234	2.48956482639138	4	49.3668239703107	45.4489587060988	53.6229945281467
1992	3.5300965822286	0.0421639345710237	3.44721577919508	3.53009501438943	3.612986353219	2.48956482639138	4	34.1272635427566	31.4128102416026	37.0766115071268
1993	3.1957846104479	0.0422928084265822	3.11264855071104	3.19578460500852	3.27892070477915	2.48956482639138	4	24.4293336851916	22.4805063831144	26.5471050686102
1994	2.96439143253546	0.0424563130129951	2.88094625262585	2.96438824603304	3.0478548392588	2.48956482639138	4	19.3829038468222	17.8311379602991	21.0700971633218
1995	3.32471648384678	0.0423069718527465	3.24156452638007	3.32471239855135	3.40789180541132	2.48956482639138	4	27.7911182946668	25.573701194902	30.2015064446922
1996	3.70320703543129	0.0420987775162034	3.62044929603389	3.70320677037005	3.78596629268087	2.48956482639138	4	40.5772285225901	37.3543472123658	44.0782424700588
1997	3.65937346442821	0.042113607324987	3.57658366489723	3.65937431975097	3.74215837551661	2.48956482639138	4	38.8370024835117	35.7511939182561	42.1889515653847
1998	3.35159083996792	0.0422237058428974	3.26858409160131	3.35159264122883	3.43458729119622	2.48956482639138	4	28.5481130177333	26.2741112589073	31.0186082707729
1999	3.07636426480327	0.0423541953067724	2.99311079984153	3.0763635375295	3.15962189242195	2.48956482639138	4	21.6794382401442	19.9476391869841	23.5616853928049
2000	2.4183346625475	0.0429257724479363	2.33397430384889	2.41833192580522	2.50271067996284	2.48956482639138	4	11.2271467498716	10.3188704737872	12.2155616006269
2001	2.27644913558922	0.0434865371157234	2.19100694287891	2.27644283445091	2.36192737618278	2.48956482639138	4	9.74202630543134	8.94421489529497	10.6113838841822
2002	1.93950414000938	0.0448134177208448	1.85147890222839	1.93949697318458	2.02757038363974	2.48956482639138	4	6.9553012598037	6.36923203224118	7.59560950491659
2003	3.17045100475693	0.0423035413227858	3.0872967268876	3.1704500663953	3.25361065196173	2.48956482639138	4	23.8182240667723	21.9177481602602	25.8836281729723
2004	3.13342579808131	0.0423025929747311	3.05026573799036	3.1334275277208	3.21657597071064	2.48956482639138	4	22.9524755566471	21.1209563173469	24.9425697120181
2005	3.3763770425595	0.0421964303191967	3.2934161952342	3.3763813552174	3.45931323200108	2.48956482639138	4	29.2645545847142	26.9347209306501	31.7951331349008
2006	3.47172671478039	0.0421645411769514	3.38882825550076	3.47173091068105	3.55460118399115	2.48956482639138	4	32.1922813690675	29.6312117114856	34.9738690470857
2007	3.07253735702818	0.0423331545324275	2.98930413098647	3.07254387429459	3.1557333180436	2.48956482639138	4	21.5966315771747	19.8718494748481	23.4702419342472
2008	2.7074064846183	0.0426906118393004	2.62347098864647	2.70741527517173	2.7912917129913	2.48956482639138	4	14.9903473598565	13.783482963874	16.3020637950516
2009	3.26647190770035	0.0422514375520222	3.18339927928559	3.26647787716169	3.34951040441745	2.48956482639138	4	26.2186740714718	24.1286342721726	28.4887822468347
2010	3.45249663232869	0.0421719294607907	3.3695834591453	3.45250094603807	3.5353851420846	2.48956482639138	4	31.5791354620018	29.0664171855864	34.3082257115794
2011	3.54237420374729	0.0421457142651217	3.45950745997335	3.54238012048143	3.62520711797713	2.48956482639138	4	34.5488478987955	31.8013092389041	37.5324960092748
2012	3.30634131417449	0.0422278093038282	3.22331271515342	3.3063479661576	3.38933187880072	2.48956482639138	4	27.2851149665801	25.111168696413	29.6461384385179
2013	3.21441493926946	0.0423166038062	3.13121884730422	3.2144197344137	3.29758361426416	2.48956482639138	4	24.8887262343251	22.9018764283114	27.047203417257
2014	2.9236484637508	0.0425712044193747	2.83995547054076	2.92365373575693	3.00731131194531	2.48956482639138	4	18.6090582293588	17.1150033983309	20.2329266989734
2015	3.34780855662447	0.0422754178791238	3.26469622428098	3.34781209000769	3.43090068721347	2.48956482639138	4	28.4403399080786	26.1721593166065	30.9044654749019
2016	3.13233494166747	0.0423562450225255	3.04906501527542	3.13233857733845	3.2155840813224	2.48956482639138	4	22.9274513528606	21.0956111246549	24.9178417075555
2017	3.66198654077168	0.0421716351502644	3.57907143893247	3.66199172910964	3.74487197833344	2.48956482639138	4	38.938619244308	35.8402455344358	42.3035910959212
2018	4.27060455528556	0.0419896577363762	4.18805598896251	4.27060538966324	4.35314835326238	2.48956482639138	4	71.5648874748167	65.8945666012234	77.7227768883011
2019	4.26021255526672	0.041993903881769	4.17765752278477	4.26021276157664	4.34276641063192	2.48956482639138	4	70.8250360888976	65.2129143899911	76.9200376839893
2020	4.40855515068947	0.0419738403828977	4.32604110833379	4.40855467337079	4.49107192474433	2.48956482639138	4	82.1506823576728	75.6442257121054	89.2170285813259
2021	3.9364725898204	0.0420554723107541	3.85379979139612	3.93647208666262	4.01914826814707	2.48956482639138	4	51.2375463182058	47.1719667516955	55.653683619089
2022	4.11373961421213	0.0420754563532259	4.03102838447614	4.11373895269305	4.19645462921271	2.48956482639138	4	61.1750614737728	56.3187988551251	66.4503218881317
1985	2.50188457929252	0.0482152844414187	2.40721696037814	2.50188090507911	2.59657324064386	2.50188457929252	6	12.2054744840608	11.1030179680662	13.4176800046852
1986	2.70681235527964	0.0423662947038063	2.62355543104626	2.70680699822014	2.79009994472	2.50188457929252	6	14.9814437998883	13.7846469233961	16.2826470850717
1987	2.05271946486611	0.0434093427929752	1.9674273286075	2.05271547945682	2.13803442691632	2.50188457929252	6	7.78905439021839	7.15225240379965	8.48274777099746
1988	1.63239047216352	0.0447995414456457	1.54438758949542	1.6323869494923	1.72041354145241	2.50188457929252	6	5.11608998328579	4.685101542877	5.58683837587739
1989	3.35337920801824	0.0415456250077083	3.27171625189164	3.35337495412826	3.435066509143	2.50188457929252	6	28.5992132303255	26.3565350016588	31.0334765068186
1990	3.69042857051267	0.0413091079711354	3.60921981948357	3.6904263749674	3.77164988633304	2.50188457929252	6	40.0620126759745	36.9372238680008	43.451696087413
1991	3.71953239885829	0.0412980315041617	3.63834309265791	3.71953093675632	3.8007300727662	2.50188457929252	6	41.2451033413577	38.0287743401468	44.7338315266212
1992	3.52054167181299	0.0413552301622502	3.43924062963961	3.52054037634976	3.60185012855551	2.50188457929252	6	33.8027334936782	31.163284706246	36.6660085583835
1993	3.44295684473338	0.0413802984034788	3.36160562184467	3.44295604453087	3.52431264848449	2.50188457929252	6	31.2793096284988	28.8354525624548	33.9304434574236
1994	3.30249775453943	0.0414354418905116	3.22104171671306	3.3024960974081	3.38396327735692	2.50188457929252	6	27.1804442829216	25.054205977073	29.4874066021222
1995	3.32914027198842	0.0414260887443277	3.24770351316284	3.3291382361416	3.41058868289799	2.50188457929252	6	27.9143326503837	25.7311806962331	30.2830661363014
1996	3.54343983833794	0.0413373734900836	3.4621704331352	3.54343962498855	3.6247104660578	2.50188457929252	6	34.5856839695933	31.8861081303931	37.5138600512699
1997	3.54956305528873	0.0413358284049829	3.46829492218973	3.54956344734337	3.63082894666955	2.50188457929252	6	34.798109315451	32.0819934871969	37.7440914917265
1998	3.38737958950941	0.0413935181913056	3.30599825601171	3.3873803244815	3.46875671951183	2.50188457929252	6	29.5883170603097	27.2757561905625	32.0968122872545
1999	3.25576847116011	0.0414497505937081	3.1742808146009	3.25576813558477	3.33725805080062	2.50188457929252	6	25.9395406655976	23.9096182352022	28.1418572763671
2000	2.90603931595806	0.041633224917841	2.82419478801021	2.90603895406814	2.98788591941612	2.50188457929252	6	18.2842368796873	16.847373815595	19.8436869629189
2001	2.60911167037902	0.0418637968232234	2.52682162152995	2.60911021594813	2.6914100490155	2.50188457929252	6	13.5869757762598	12.5136696842371	14.7524629574972
2002	2.08990286568653	0.0425739133242948	2.00623277634383	2.08990063789058	2.17358571622896	2.50188457929252	6	8.08412987976075	7.43525425481709	8.78974513353021
2003	2.98295578595199	0.0415907319078948	2.90119564577571	2.98295482568481	3.064721425301	2.50188457929252	6	19.7460957044088	18.195888205356	21.4284917200066
2004	2.96702186927153	0.0415833935488811	2.88527105806849	2.96702263714627	3.04876829089984	2.50188457929252	6	19.433956465057	17.9084211597408	21.0893524712098
2005	3.21536349369353	0.0414493595043825	3.13386774703525	3.21536624936399	3.29684347417819	2.50188457929252	6	24.9123457461295	22.9626216210658	27.0271921042954
2006	3.36452989218956	0.0413897029290713	3.2831497056963	3.36453281892413	3.44589333267461	2.50188457929252	6	28.9198986326565	26.6596105254584	31.3712959362752
2007	3.18086116899356	0.0414616319537896	3.09933771574211	3.18086526312799	3.26236119663656	2.50188457929252	6	24.0674707898604	22.1832547949135	26.111117895526
2008	2.92588213178218	0.0415899945588184	2.84410548299707	2.92588743742442	3.00762842388485	2.50188457929252	6	18.6506711452381	17.186178462173	20.2393438190204
2009	3.24718959231431	0.0414375130438992	3.16571109854343	3.24719437124683	3.32864074089607	2.50188457929252	6	25.7179603034248	23.705595054867	27.9003920554727
2010	3.38111226130863	0.0413823141162838	3.29974403720914	3.38111603009281	3.46245892004334	2.50188457929252	6	29.4034572600017	27.1056999820252	31.8953081821238
2011	3.4213031071154	0.0413686073516843	3.33995869408433	3.42130787186917	3.50262025524051	2.50188457929252	6	30.6092762093362	28.2179611126136	33.2023366755858
2012	3.27594454759504	0.0414225928829104	3.19449404250284	3.2759496880015	3.35736563867749	2.50188457929252	6	26.4682141652388	24.3978263057982	28.7134495570918
2013	3.29686493720852	0.0414167167074756	3.21542916658318	3.29686892376785	3.37827789630461	2.50188457929252	6	27.0277721959646	24.9139818655863	29.3202351264129
2014	3.10798240191518	0.0415155971345873	3.02635399230007	3.1079864859224	3.18958744343825	2.50188457929252	6	22.3758533485239	20.6219077209698	24.2784091596747
2015	3.31078350669131	0.0414260921327243	3.22933127762764	3.31078687168183	3.39221648093002	2.50188457929252	6	27.4065903087765	25.262757549921	29.731779212979
2016	3.13776118165002	0.0415699585189167	3.05602913927489	3.13776452284478	3.21947410588378	2.50188457929252	6	23.0521993563007	21.2430363242259	25.014961500534
2017	3.52034586261931	0.0413422546339255	3.43905545219916	3.52034966953561	3.6016144885629	2.50188457929252	6	33.7961152556656	31.1575145032202	36.6573695982801
2018	4.07034182702901	0.0412107046904309	3.98931500388495	4.07034293917919	4.15136228550896	2.50188457929252	6	58.576982365898	54.017874653027	63.5204744053433
2019	4.12477415417079	0.0412010086526468	4.04376744053853	4.12477482916521	4.20577700482333	2.50188457929252	6	61.853838241393	57.0408364653625	67.072693230585
2020	4.29112644880242	0.0411749207618108	4.21017205239553	4.29112657217848	4.37208013872867	2.50188457929252	6	73.0487078011761	67.3681296611478	79.2082245477472
2021	4.02738662115816	0.0412229884042035	3.94633868777629	4.0273867616666	4.10843375008346	2.50188457929252	6	56.1140721287471	51.7455629191248	60.8513344946808
2022	4.17858845804645	0.0411928285034123	4.09760051788313	4.17858813255726	4.25957826051571	2.50188457929252	6	65.2736516583594	60.195675722533	70.7801263847672
1985	2.50620253532279	0.0472756958713745	2.41336173440338	2.50619925973635	2.59906203963005	2.50620253532279	8	12.2582911341351	11.1714535497367	13.4511155029362
1986	2.7054647745341	0.0420819245188169	2.62274891373195	2.70546028628799	2.7882062212679	2.50620253532279	8	14.96126869153	13.7735338490266	16.2518414323241
1987	2.05337421057731	0.0430896532230804	1.96869348082467	2.05337100499921	2.13807322755466	2.50620253532279	8	7.79415591009157	7.16131397949501	8.48307691341132
1988	1.63591801949586	0.0444277643380646	1.54862966771048	1.63591524933375	1.72322218724559	2.50620253532279	8	5.1341691015837	4.70501832447278	5.6025518824864
1989	3.35015028184395	0.0413186759390137	3.2689159405551	3.35014678596691	3.43140454344122	2.50620253532279	8	28.5070174090148	26.2828317421018	30.9200408058311
1990	3.68741910010141	0.0410983360000211	3.60660797857481	3.68741739641504	3.76823992873215	2.50620253532279	8	39.9416284714206	36.8408755936003	43.3037799832183
1991	3.63541950864703	0.0411099568802399	3.55458411374483	3.63541839688561	3.71626123833999	2.50620253532279	8	37.9177563877637	34.973272039622	41.1104044187448
1992	3.43243209025054	0.0411740792492266	3.35147196733586	3.43243100899235	3.51339837454953	2.50620253532279	8	30.9518289241981	28.5447196300929	33.562130891067
1993	3.4056190336218	0.041182134386312	3.32464215686641	3.40561833724179	3.4865998790362	2.50620253532279	8	30.1329432565969	27.7890527415271	32.6746608197698
1994	3.34566083532134	0.0412063717769379	3.26463846900794	3.34565956809101	3.42669042288381	2.50620253532279	8	28.3793235307306	26.1706477800492	30.7746230335878
1995	3.43591464872456	0.0411730035504328	3.35495797523353	3.43591309046158	3.51688020142754	2.50620253532279	8	31.0598083915757	28.6444003911748	33.679192095649
1996	3.5817858682225	0.0411161763268394	3.50093587984143	3.58178563630441	3.66263717883166	2.50620253532279	8	35.9376635039553	33.1464585495788	38.96396243572
1997	3.51777485398411	0.0411354519305456	3.43688563419942	3.5177752415996	3.59866186639283	2.50620253532279	8	33.7093367534476	31.0899816609085	36.5492938680232
1998	3.34664443631883	0.0411968484585519	3.26563523738221	3.34664504654246	3.42765015976882	2.50620253532279	8	28.4072511942509	26.196746859298	30.8041727521446
1999	3.26341100266458	0.0412339702364339	3.18233186616263	3.26341083150133	3.34449111583143	2.50620253532279	8	26.1385438979635	24.1028927921524	28.3461470902336
2000	3.04620208306791	0.0413378617154024	2.96492116465278	3.04620184542207	3.1274843574791	2.50620253532279	8	21.0353021915155	19.3931743135746	22.8165091047283
2001	2.87293985392607	0.0414432435885835	2.79145545961628	2.87293912022493	2.95442843142066	2.50620253532279	8	17.6889447478704	16.3047334215436	19.1907507543713
2002	2.552861335439	0.041687544829212	2.47090155440651	2.5528607182501	2.63482463769712	2.50620253532279	8	12.8438016800466	11.8331102367899	13.9408675461589
2003	2.99305413780164	0.0413646850845829	2.91172135022805	2.99305380192574	3.07438884143402	2.50620253532279	8	19.9465089450779	18.3884242580537	21.6366544431814
2004	2.90262493976121	0.0414107280150126	2.82120015690908	2.90262547392837	2.98404668158066	2.50620253532279	8	18.2219140738067	16.7969976127133	19.7676483876226
2005	3.10341989998576	0.0412916897666708	3.02222264167614	3.10342180626976	3.18460629858919	2.50620253532279	8	22.2739960132851	20.5368871354926	24.157775583033
2006	3.24567466272559	0.0412264803780636	3.16460328894966	3.24567687911749	3.32673340968328	2.50620253532279	8	25.679028901012	23.6793483101213	27.8472274841968
2007	3.12388773030583	0.0412765072041536	3.04271644235056	3.12389088174098	3.20504106380874	2.50620253532279	8	22.7345940253857	20.962108323565	24.656512485981
2008	2.97259772775043	0.0413491243462407	2.89128296533993	2.97260168665034	3.0538899348469	2.50620253532279	8	19.5426201210439	18.0164092089491	21.1976416983606
2009	3.26056810813903	0.0412126540524162	3.17951903237133	3.26057193298838	3.34159539246496	2.50620253532279	8	26.0643403010864	24.0351906229516	28.2641832193769
2010	3.36078834196956	0.0411767556817705	3.2798103195457	3.3607917203868	3.44174711651701	2.50620253532279	8	28.8118955550309	26.5707322732851	31.2414930435593
2011	3.38350594062556	0.0411677438298348	3.30254315311506	3.38351012075679	3.46444491241233	2.50620253532279	8	29.4739240112475	27.1816782643875	31.9587149626304
2012	3.27352585772283	0.0412095996830415	3.19248118506078	3.27353022127259	3.35454566936035	2.50620253532279	8	26.4042731216506	24.3487663514599	28.632592571044
2013	3.26765474096268	0.0412145090285553	3.18660258036734	3.26765838254672	3.34868615390771	2.50620253532279	8	26.2497047396931	24.2060494783474	28.4653100283686
2014	3.13234172805727	0.0412722116886706	3.05117718461817	3.13234544343585	3.2134851032945	2.50620253532279	8	22.9276069480106	21.140215717383	24.8655945573008
2015	3.33524257961683	0.0411926219136322	3.25423451447536	3.33524567712917	3.41623299694717	2.50620253532279	8	28.0851952934459	25.8997810363653	30.4544765640196
2016	3.19203027310245	0.0412496831146717	3.11091161836193	3.19203325332833	3.2731319482212	2.50620253532279	8	24.3377896764844	22.44149315583	26.3938742758209
2017	3.4661195396983	0.0411453829814682	3.38520257026107	3.46612289338853	3.54701740183511	2.50620253532279	8	32.0122787358917	29.5239727893144	34.7096380446681
2018	3.93005615450211	0.0410267132272506	3.84937577253476	3.93005742540482	4.01072929584957	2.50620253532279	8	50.9098364054509	46.9637380245864	55.1871036163984
2019	4.00152991565228	0.0410127697397704	3.92087795485308	4.00153072266299	4.08217727879995	2.50620253532279	8	54.6817445274229	50.4447135232919	59.2743863201203
2020	4.17590558185743	0.0409818041304509	4.09531510718126	4.17590593109898	4.2564940668721	2.50620253532279	8	65.0987652367634	60.0582609654194	70.5621630622008
2021	3.99614305962132	0.0410150907606904	3.91548775811804	3.99614345559108	4.07679610521634	2.50620253532279	8	54.3879738028228	50.1735380941807	58.9562772260212
2022	4.14415493058707	0.0409873120375675	4.06355474946342	4.1441549293175	4.22475511900596	2.50620253532279	8	63.0643056611938	58.1807619533301	68.3577619820913
1985	2.50613443210151	0.0460569353046219	2.41567951351185	2.50613160373184	2.59660560670877	2.50613443210151	10	12.2574563334481	11.1973765416649	13.4181142892152
1986	2.70219875049463	0.0412223585731823	2.62116773931694	2.70219494893266	2.78325163540756	2.50613443210151	10	14.9124845367982	13.7517726983214	16.1715194339892
1987	2.05110339581608	0.0422227495691028	1.96812184243128	2.05110080126242	2.13409987748947	2.50613443210151	10	7.77647690626798	7.15722146730718	8.44943755393675
1988	1.63533691629821	0.0435459130629771	1.54977678274275	1.63533473300438	1.72090960786288	2.50613443210151	10	5.13118648618909	4.71041861850696	5.58961050625994
1989	3.34655182405947	0.0404838168325166	3.26695469540369	3.34654890785736	3.42616573282391	2.50613443210151	10	28.4046204563566	26.2313351809794	30.7584801301659
1990	3.68419602787509	0.0402702412299368	3.60500947440863	3.68419472683277	3.76339006880355	2.50613443210151	10	39.8131009560172	36.7820323435978	43.0942711707752
1991	3.63187074723539	0.0402820571783697	3.55265961987034	3.63187000401488	3.71108615262069	2.50613443210151	10	37.7834337974597	34.9060309151302	40.8982041029219
1992	3.42878077215359	0.040347343962169	3.34944260163137	3.42878007218876	3.50812297231223	2.50613443210151	10	30.8390200270292	28.4868506935094	33.3855433453766
1993	3.36848416564849	0.0403683251181599	3.28910438504648	3.36848375105248	3.44786633394866	2.50613443210151	10	29.0344822183655	26.8188335482812	31.4332526433585
1994	3.31101566142991	0.0403934701373453	3.23158854314591	3.31101470870131	3.39044826411857	2.50613443210151	10	27.4129536171929	25.3198467098908	29.6792534333092
1995	3.40892081073664	0.0403554217439106	3.3295682662649	3.40891964836442	3.48828004549891	2.50613443210151	10	30.2325999506043	27.9262823820157	32.7296058345193
1996	3.55932146439044	0.0402964196913889	3.4800807846396	3.55932128875347	3.63856315627498	2.50613443210151	10	35.139345756621	32.4623444287347	38.037144010677
1997	3.54862163763142	0.0402988171840166	3.46937506985238	3.54862188869718	3.62786676231583	2.50613443210151	10	34.7653651762743	32.1166654995506	37.6324519645269
1998	3.41287578123433	0.0403451693070984	3.33353835210284	3.41287629349101	3.49221026456183	2.50613443210151	10	30.3524057495128	28.037372492932	32.8584934677019
1999	3.29104060577808	0.0403947703060563	3.21160792836225	3.29104070710666	3.37047270216445	2.50613443210151	10	26.8708110334986	24.8189612696356	29.092275789748
2000	3.07922413039709	0.0404938928843336	2.99959895327026	3.0792241554864	3.15884916593667	2.50613443210151	10	21.741527260469	20.0774832993372	23.5434856870671
2001	2.95651214161921	0.0405650901790499	2.87674964422154	2.95651177879171	3.03627673030597	2.50613443210151	10	19.2307804080514	17.756464454201	20.8275520987868
2002	2.74754206180497	0.0407025922329292	2.6675120399961	2.74754174795275	2.82757389414179	2.50613443210151	10	15.6042304752874	14.4040877812607	16.9043991728621
2003	3.06227488824535	0.0405008973732717	2.9826363919602	3.06227480911245	3.14191384264036	2.50613443210151	10	21.3761301992849	19.7397899271468	23.1481263636279
2004	2.98084105141443	0.040539026909167	2.90112623689782	2.98084173020767	3.0605519628057	2.50613443210151	10	19.7043820760118	18.1946252930025	21.3393324297727
2005	3.08821015710856	0.0404740731153614	3.0086188560244	3.08821180242951	3.16779199302776	2.50613443210151	10	21.9377776401786	20.2593994458513	23.7549752565406
2006	3.17233767644621	0.0404333835321238	3.09282493985761	3.17233951189164	3.25183985387826	2.50613443210151	10	23.863203653322	22.039249673599	25.8378340518477
2007	3.06662786826237	0.0404813043964334	2.98702015405309	3.06663033163444	3.14622141027247	2.50613443210151	10	21.4693828831691	19.8265144208403	23.2480535505404
2008	2.94790849226722	0.0405409964339094	2.86818284400058	2.94791160587415	3.02761622678671	2.50613443210151	10	19.0660352377343	17.6049980879839	20.6479538387715
2009	3.21089702623917	0.0404086975368545	3.13142842584349	3.21090020310864	3.29034734907342	2.50613443210151	10	24.8013236874166	22.9066766731163	26.8521891192193
2010	3.32345047078517	0.0403646061396046	3.24406835246685	3.32345338285041	3.40281583546152	2.50613443210151	10	27.7559566381638	25.6378135246568	30.0485929260769
2011	3.37357518401358	0.0403441396825109	3.29423106333559	3.3735787187075	3.45289896869946	2.50613443210151	10	29.1826742045462	26.9566781204482	31.5918434530276
2012	3.28375902247899	0.0403783579175561	3.2043477257592	3.28376278386691	3.36314867876565	2.50613443210151	10	26.6758596234928	24.6394231127466	28.8799816537267
2013	3.26941748262137	0.0403864492952322	3.18999175121123	3.2694207934877	3.34882416604306	2.50613443210151	10	26.2960169940441	24.2882270938134	28.4692388576958
2014	3.1601900808945	0.040433560355745	3.08067272529369	3.1601934026084	3.2396883259828	2.50613443210151	10	23.5750766748649	21.7730447484274	25.5257647897734
2015	3.30986594007772	0.0403733449967968	3.23046697176823	3.30986880373384	3.38924843396869	2.50613443210151	10	27.3814544701835	25.2914646137823	29.6436647246862
2016	3.20259961647429	0.0404183814013558	3.12311336644429	3.20260238399717	3.28206994516603	2.50613443210151	10	24.5963883341355	22.7169959918858	26.6308400656593
2017	3.45568869120952	0.0403204149326523	3.37639232487891	3.45569165859546	3.53496798668102	2.50613443210151	10	31.6800989768158	29.2650018184021	34.2939168345567
2018	3.85469620139086	0.0402134979916269	3.77561235506339	3.85469754145931	3.93377234037143	2.50613443210151	10	47.2142711323649	43.6242136464297	51.0993787893423
2019	3.91512929767472	0.0402008077361793	3.83607120911626	3.91513025871583	3.99418185962468	2.50613443210151	10	50.1555560885837	46.3430441797767	54.2814126368186
2020	4.07637868473732	0.040169278862626	3.99738315773673	4.07637920202865	4.15537123822765	2.50613443210151	10	58.9316728040923	54.455462064021	63.7756361077627
2021	3.93670454986515	0.0401978650795392	3.85765350650172	3.93670505011128	4.0157527178256	2.50613443210151	10	51.2494327602793	47.3541048011905	55.4650292098169
2022	4.08425792232165	0.0401681562778231	4.00526553863866	4.0842581053762	4.16324925537062	2.50613443210151	10	59.3978435787551	54.8863969233204	64.2800459281606
1985	2.50424199412472	0.0426568049976239	2.42044106761597	2.50424045448806	2.58805172514469	2.50424199412472	20	12.2342817926907	11.2508205932886	13.3038268263391
1986	2.6850427085392	0.0389047925582052	2.60854772890096	2.6850409335406	2.76154782028785	2.50424199412472	20	14.6588274239996	13.5793156771849	15.8243172017075
1987	2.03679653565978	0.0398848346390865	1.95839295231775	2.03679563879071	2.11520524101809	2.50424199412472	20	7.66601202567449	7.08792727051128	8.2912873037481
1988	1.62580202128118	0.0411601590234868	1.54491495580911	1.62580138547936	1.70669272240701	2.50424199412472	20	5.08249367107577	4.68757295922053	5.5107058720343
1989	3.33055924160488	0.0382382291303649	3.25535811180876	3.33055800527353	3.405767427063	2.50424199412472	20	27.9539703559773	25.9288983162591	30.1374151195298
1990	3.67012035000242	0.0380447885893558	3.59529180190102	3.67012022749353	3.74494959685849	2.50424199412472	20	39.2566301115458	36.4263277088816	42.3068747657013
1991	3.61672712250985	0.0380573497222934	3.54187290095064	3.6167274473624	3.69157948967192	2.50424199412472	20	37.2155662937239	34.531532805138	40.1081473574735
1992	3.41310360409739	0.0381260755622001	3.33811566707513	3.41310400704003	3.48808924086203	2.50424199412472	20	30.3593215092456	28.1660025433695	32.7233614697086
1993	3.35287898361902	0.03814783702247	3.2778481650408	3.35287960050129	3.42790628097922	2.50424199412472	20	28.584910783584	26.5186475071468	30.812063364589
1994	3.29574576438611	0.0381748607905582	3.22066361115096	3.29574597442828	3.37082671818213	2.50424199412472	20	26.997540368348	25.0447346331357	29.1025767446123
1995	3.37184284553432	0.0381448063418616	3.2968196982792	3.37184283677889	3.44686604222377	2.50424199412472	20	29.1321636983724	27.026549516145	31.4018259414083
1996	3.5005747689978	0.0380913296957053	3.42565399774325	3.50057528622714	3.57549258811289	2.50424199412472	20	33.134491164875	30.7427439635731	35.7122078928007
1997	3.48509645976437	0.0380951239987618	3.4101675664495	3.48509724065546	3.56002089619104	2.50424199412472	20	32.625574013264	30.2703161238491	35.1639319296687
1998	3.39017855019566	0.0381295548012401	3.31518240317486	3.39017946219158	3.46516949198751	2.50424199412472	20	29.6712496048571	27.5274146144864	31.9818799861794
1999	3.33463294150955	0.0381538075854565	3.25959042258675	3.33463359433988	3.40967173418394	2.50424199412472	20	28.0680787061368	26.0388700251333	30.2553108447844
2000	3.22016616060647	0.038203645710268	3.14502680852569	3.22016681993998	3.29530174912467	2.50424199412472	20	25.0322792144902	23.2202979668947	26.9855557092858
2001	3.14888017794729	0.0382390035915613	3.07367249916205	3.14888071033158	3.22408481755647	2.50424199412472	20	23.3099469674705	21.6211607430385	25.1305645769463
2002	3.04566410821824	0.0382925334348482	2.97035234414242	3.0456646719592	3.12097265398382	2.50424199412472	20	21.0239887714219	19.4987886697932	22.6684174503974
2003	3.18526213090625	0.0382201908860935	3.1100909453018	3.18526268228465	3.26043016916161	2.50424199412472	20	24.1736242294277	22.4230835821216	26.0607452605917
2004	3.14735111483773	0.0382361234235918	3.07214833203959	3.14735189249449	3.22254945888553	2.50424199412472	20	23.2743318233175	21.5882315818317	25.0920097520336
2005	3.19740396584488	0.0382088650377352	3.12225336979023	3.19740501257034	3.27254858770694	2.50424199412472	20	24.4689255065023	22.6974678496144	26.3784816219197
2006	3.23138406127287	0.0381924071829364	3.15626521446793	3.2313851859024	3.30649648935603	2.50424199412472	20	25.3146697895216	23.4827289926266	27.289349267769
2007	3.16069420337628	0.0382236917294047	3.0855140472895	3.16069551541435	3.23586687110694	2.50424199412472	20	23.5869643972087	21.8787106438089	25.4284053772406
2008	3.07135613357082	0.0382668018387287	2.99609166600834	3.07135764211408	3.14661199122497	2.50424199412472	20	21.5711361901947	20.0071891408711	23.2571355709567
2009	3.17125791145986	0.0382160842287223	3.0960917366612	3.17125950305491	3.24641500247415	2.50424199412472	20	23.8374509075137	22.1113651531608	25.6980471459245
2010	3.2191705390363	0.0381946803662959	3.14404609221227	3.21917207872017	3.29428619835879	2.50424199412472	20	25.0073689400147	23.1975366049201	26.958164418495
2011	3.25380163622447	0.0381778113450853	3.17870931599425	3.25380340130985	3.32888388257455	2.50424199412472	20	25.8885720106985	24.0157368125751	27.9071766284002
2012	3.21547707131056	0.0381945386272877	3.14035202293827	3.21547891832197	3.29059157818013	2.50424199412472	20	24.915175391683	23.1120013815046	26.858748006284
2013	3.22177604585061	0.038192767151217	3.14665474691205	3.22177778484556	3.29688741969652	2.50424199412472	20	25.0726107672998	23.2581299670254	27.0283798543594
2014	3.16712545784285	0.0382178092794874	3.09195535325323	3.16712725217212	3.24228532150492	2.50424199412472	20	23.7391470053448	22.0200929677266	25.592141238996
2015	3.25322882795992	0.0381802126665249	3.17813209089335	3.25323050608072	3.32831598726831	2.50424199412472	20	25.8737470690232	24.0018783265882	27.8913327730339
2016	3.20158726187802	0.0382037073905674	3.12644495537622	3.20158891488974	3.27672013387809	2.50424199412472	20	24.5715006670514	22.7928058978999	26.4887505119069
2017	3.35190607729248	0.0381391661097686	3.27688889027146	3.35190782007926	3.42691331753284	2.50424199412472	20	28.5571138671295	26.4932210351123	30.7814832969174
2018	3.61737906454814	0.0380507786198312	3.54253529110027	3.61738020098128	3.69221635177645	2.50424199412472	20	37.2398365964249	34.5544137295324	40.1336988521339
2019	3.68395275347163	0.0380315745201834	3.60914666292573	3.68395375561793	3.75875312421395	2.50424199412472	20	39.8034166256546	36.9345217666856	42.8949079984318
2020	3.81435785549948	0.0379974779356112	3.73961863800729	3.81435862984468	3.8890926532843	2.50424199412472	20	45.3476273019249	42.0819386524915	48.8665275190245
2021	3.74493617127269	0.0380159365086883	3.67016108561668	3.74493695182801	3.81970680172476	2.50424199412472	20	42.3063067749371	39.2582292870587	45.5908392056218
2022	3.8574008628414	0.0379875296849039	3.78268142531356	3.85740147637706	3.93211679838944	2.50424199412472	20	47.3421425979737	43.9336888394945	51.0148516109556
1985	2.50513217978528	0.0409239525595308	2.42472053422815	2.50513121311744	2.58554935802856	2.50513217978528	30	12.2451774237576	11.2990712743285	13.2705773860734
1986	2.67275885419974	0.0377542965813531	2.59851540234461	2.67275804690591	2.74700692214971	2.50513217978528	30	14.4798619663246	13.443764630985	15.5958822666982
1987	2.02612812440048	0.0387262576268151	1.94999302398388	2.02612796067808	2.1022641618905	2.50513217978528	30	7.58466256299197	7.02863854852246	8.18468039072692
1988	1.61736114597177	0.0399762083088484	1.53879283083009	1.61736115381913	1.69592941791665	2.50513217978528	30	5.03977352708647	4.65896271880986	5.45171052874196
1989	3.32048776871846	0.0371246334290376	3.24746660732874	3.32048730291843	3.3935115940953	2.50513217978528	30	27.6738457032479	25.7250855514242	29.7703101772588
1990	3.66272681201734	0.0369420536006805	3.59005793667206	3.66272713599205	3.73539383711294	2.50513217978528	30	38.967455056325	36.2361752690646	41.9045258711609
1991	3.60937307539669	0.0369550702112508	3.53667792794812	3.60937374891551	3.68206437433493	2.50513217978528	30	36.9428851497739	34.3526075827285	39.7283236084879
1992	3.40547790016232	0.0370255568260691	3.33264564503515	3.40547865795868	3.47830582505328	2.50513217978528	30	30.1286907901606	28.0123545008785	32.4047761850634
1993	3.34553259722929	0.0370477983468261	3.27265669235474	3.3455335160573	3.41840325129771	2.50513217978528	30	28.3756844537667	26.3813334125282	30.5206422965405
1994	3.28774061022935	0.0370757048545458	3.21481136321044	3.2877412316461	3.36066630686172	2.50513217978528	30	26.7822836270591	24.8985946771791	28.8083797067827
1995	3.36414301171817	0.0370452545384373	3.29127343738761	3.36414344369316	3.4370101188258	2.50513217978528	30	28.9087122526765	26.8770681360781	31.0938521265614
1996	3.49541294488503	0.0369907718637937	3.4226482107944	3.49541371109541	3.56817330092873	2.50513217978528	30	32.9638974156605	30.6504765625381	35.4517742442467
1997	3.48004737615419	0.0369944418098411	3.40727492637486	3.4800483486887	3.55281426829251	2.50513217978528	30	32.4612599290903	30.1828815137523	34.9114294951658
1998	3.3849106665475	0.037029456719067	3.31206990369871	3.38491175152537	3.45774522889849	2.50513217978528	30	29.5153558897314	27.4418687507087	31.7453173333701
1999	3.32887270968828	0.0370542691516724	3.25598428640626	3.32887361205927	3.40175597646844	2.50513217978528	30	27.9068648264313	25.9451394180777	30.0167625254824
2000	3.21428278295295	0.0371050388862	3.14129571784315	3.21428370272035	3.28726459210377	2.50513217978528	30	24.8854372492784	23.1338223540007	26.7695378084693
2001	3.14271386849346	0.0371411007127535	3.06965701611359	3.14271470202538	3.21576595797856	2.50513217978528	30	23.1666528730248	21.53451541643	24.9223740934391
2002	3.03948924216032	0.0371956195282127	2.96632642250773	3.0394901050212	3.11264713125587	2.50513217978528	30	20.8945684445686	19.4204458814158	22.480474473066
2003	3.18044939060145	0.0371222770431932	3.10742918323934	3.18045019327989	3.2534650116725	2.50513217978528	30	24.0575623656138	22.3634780320074	25.8798587483755
2004	3.14366291289639	0.0371384030363616	3.07061096287024	3.14366386433126	3.21670942619372	2.50513217978528	30	23.1886494915014	21.5550679990436	24.9458986568365
2005	3.19543977287942	0.0371112327507623	3.12244025322998	3.19544084176929	3.2684331843756	2.50513217978528	30	24.420910985479	22.7017100268639	26.2701466048241
2006	3.23103797780349	0.0370946610946417	3.15807067147777	3.23103903578936	3.30399923837608	2.50513217978528	30	25.3059103166164	23.525164346373	27.2212859345524
2007	3.17392474347016	0.0371208284015424	3.10090640579878	3.17392587639316	3.24693660699422	2.50513217978528	30	23.9011062259317	22.2180807545615	25.711454859931
2008	3.11263869619959	0.0371506481703678	3.0395622428368	3.11263990032767	3.18570826835054	2.50513217978528	30	22.4802848497983	20.8960938178758	24.184411394461
2009	3.20486659045867	0.0371051586602658	3.13187848363547	3.20486779339278	3.2778478228902	2.50513217978528	30	24.6522109569087	22.9169883216864	26.518638433777
2010	3.24640921675082	0.0370868313710721	3.17345687872697	3.24641035758475	3.3193550354162	2.50513217978528	30	25.6978984645638	23.8899263565427	27.6425163638613
2011	3.26993775346698	0.0370754761088891	3.19700722526551	3.26993897879333	3.34286127925022	2.50513217978528	30	26.309701604585	24.4592196163076	28.2999851312129
2012	3.23812296125333	0.0370896819686039	3.16516480446411	3.23812420108705	3.31107403269426	2.50513217978528	30	25.4858389153094	23.6926483653138	27.414553792657
2013	3.24087389847869	0.0370891793656639	3.16791689910107	3.2408750748643	3.31382417525159	2.50513217978528	30	25.5560453808158	23.7579425825362	27.4900514908645
2014	3.20455175610432	0.0371060278183154	3.13156202926804	3.20455293528468	3.27753474439009	2.50513217978528	30	24.6444508156324	22.9097372880146	26.5103373177496
2015	3.2635051317629	0.0370799807510071	3.19056615511174	3.26350625237243	3.33643770468424	2.50513217978528	30	26.1410044113333	24.3021823537868	28.1187806797352
2016	3.22658246498981	0.0370968991247791	3.15361065690044	3.22658357738844	3.29954791634451	2.50513217978528	30	25.1934103176411	23.420475401102	27.1003845099627
2017	3.32302083488406	0.037054157629303	3.25013190258571	3.32302199118812	3.39590315937834	2.50513217978528	30	27.7440342440501	25.7937419540783	29.8415930223571
2018	3.5097563922504	0.0369856596399842	3.43700132701449	3.50975724866561	3.58250656396969	2.50513217978528	30	33.4401205191109	31.0935787564822	35.9635729605027
2019	3.55689859972706	0.0369700350885293	3.48417404895513	3.55689939451963	3.62961860919466	2.50513217978528	30	35.0543109330258	32.5954937064693	37.6984360381651
2020	3.6600531018953	0.0369382379918604	3.58739066592221	3.66005376518487	3.73271174820137	2.50513217978528	30	38.8634065370846	36.1396523622709	41.7922847945356
2021	3.61311861304688	0.0369529567150789	3.54042758851369	3.61311927986706	3.6858058277748	2.50513217978528	30	37.0815155776816	34.4816600008815	39.8772436965799
2022	3.70856031301137	0.0369244644745765	3.63592482130192	3.70856090575243	3.78119241825513	2.50513217978528	30	40.7950321518006	37.9369215517035	43.8683199461591
