jaar,gem_jaar,og_jaar_trend,bg_jaar_trend,aantal dagen onder kritisch minimum,og_jaar_indicator,bg_jaar_indicator,tijdvenster
1985,39.42250030418408,31.066276084534156,50.02638636199766,4.087931034482758,0.7735407888451724,7.4023212801203435,0
1986,39.442611461939514,32.10516964694968,48.45698110445373,16.542241379310344,11.261557934179077,21.82292482444161,0
1987,39.431879779357295,32.974714290439245,47.153498563731596,0.6456896551724138,-0.43737006129653677,1.7287493716413644,0
1988,39.30778032421134,33.556612108580346,46.04462420154082,0.9801724137931035,-0.12456244747039713,2.084907275056604,0
1989,38.98070420268588,33.753597639801164,45.01728427151575,72.32844827586207,61.4991589255915,83.15773762613264,0
1990,38.35104816671404,33.50799974416768,43.89408221067043,74.43362068965517,62.60156457391926,86.26567680539108,0
1991,37.443938425907874,32.90119081274005,42.6139142751112,34.04137931034483,24.12172282354696,43.9610357971427,0
1992,36.3872401369465,32.085772528613376,41.26536905424575,7.031896551724138,3.003710121482035,11.060082981966241,0
1993,35.2896153070384,31.182228598831692,39.93803536432989,23.351724137931033,16.851322127502623,29.852126148359442,0
1994,34.202048136929555,30.252838315618295,38.66678837062826,19.19655172413793,13.981553969689166,24.411549478586693,0
1995,33.135454652022055,29.31909578075749,37.448574922178004,40.24051724137931,32.94672802736561,47.53430645539301,0
1996,32.08156553086527,28.37685491583636,36.26994076559269,59.98189655172414,49.18914276017056,70.77465034327773,0
1997,31.060307926456336,27.44087648550845,35.15713971438805,32.883620689655174,22.670352507220585,43.096888872089764,0
1998,30.15935248391942,26.595031068501395,34.201371673770744,11.951724137931034,5.925542436209517,17.97790583965255,0
1999,29.456450322736405,25.92731530143516,33.46595879781693,16.291379310344826,11.362126589664157,21.220632031025495,0
2000,28.981205648470574,25.48033744466473,32.96307526001033,2.435344827586207,0.49019624578104803,4.380493409391366,0
2001,28.74149879326978,25.26893583970225,32.69127588608663,9.50948275862069,6.182621880652713,12.836343636588667,0
2002,28.722971232729343,25.276721642412713,32.639085404646984,1.903448275862069,0.3031492797676103,3.5037472719565277,0
2003,28.88419943921135,25.454329825770635,32.77623032917068,54.6551724137931,45.35857303395507,63.95177179363114,0
2004,29.1678419200539,25.73303932494029,33.06111616006041,17.048275862068966,11.059684268679076,23.036867455458854,0
2005,29.5953577370847,26.130742388896397,33.51933850751231,39.70172413793104,29.637631234374314,49.765817041487765,0
2006,30.159379694615406,26.636080013433467,34.14872545454302,36.22241379310345,28.182993114641846,44.26183447156505,0
2007,30.880530658321934,27.268072297360106,34.97156540221885,9.828448275862069,3.2028862379210112,16.454010313803128,0
2008,31.799750585883427,28.07017516540309,36.024860242794006,6.9879310344827585,2.1380690087022964,11.83779306026322,0
2009,32.93857113477478,29.06300249271962,37.330949156832716,54.15,43.7109760523176,64.58902394768239,0
2010,34.29174026833164,30.235009311214466,38.892776202802615,40.140517241379314,32.96594530026774,47.31508918249089,0
2011,35.917304418719375,31.64494224116074,40.76647531462327,37.58275862068965,26.110736402975306,49.054780838404,0
2012,37.90722271053972,33.39235332965961,43.032532611294876,15.218103448275862,10.137621473539065,20.29858542301266,0
2013,40.37132108644694,35.59665813577704,45.786420737819,27.49137931034483,21.141481512760958,33.841277107928704,0
2014,43.39569315602523,38.340564275870925,49.11733095376092,12.088793103448277,7.018809384678723,17.15877682221783,0
2015,47.05088971426527,41.67076910714425,53.12563867520289,49.58362068965517,39.48631369904485,59.68092768026549,0
2016,51.3469202381499,45.54193734131247,57.891832711984215,11.726724137931035,5.806773592134864,17.646674683727205,0
2017,56.284605826741874,49.879355493905244,63.51238546895013,69.75344827586207,54.546243221923405,84.96065332980073,0
2018,61.77952939729317,54.518411650442246,70.00773017788481,117.95689655172414,102.39685388807175,133.51693921537654,0
2019,67.72409927148098,59.29111064161695,77.35651386017499,59.11206896551724,46.64111048982757,71.58302744120691,0
2020,74.17061323433306,64.16284394194898,85.73933961740036,92.62068965517241,79.5338748438505,105.70750446649433,0
2021,81.16010574402708,69.07879113676641,95.35434329388288,4.733620689655172,0.5244580861896386,8.942783293120705,0
2022,88.81011093635918,74.04475413270578,106.51984596224908,92.00775862068966,79.13919150460767,104.87632573677165,0
1985,11.356187422645885,7.299612150265547,17.667102049191634,4.087931034482758,0.7735407888451724,7.4023212801203435,2
1986,15.314422539418619,11.139005615972568,21.05497975326908,12.095689655172414,8.460967697641827,15.730411612703001,2
1987,20.665142936782953,16.541263064249723,25.817141710335314,5.662931034482758,3.8145831513465502,7.5112789176189665,2
1988,27.867580692250954,23.69750184038643,32.77147350256116,0.7879310344827586,-0.07956844773555338,1.6554305167010706,2
1989,35.5530906999467,30.370632795330103,41.61988546096402,48.217241379310344,41.00685472032197,55.42762803829872,2
1990,40.16476835603229,34.29345061536024,47.041303460176366,73.38879310344828,63.854993697740866,82.92259250915569,2
1991,39.468075217393086,34.35652694240284,45.34011729349886,47.16293103448276,37.84960547925282,56.4762565897127,2
1992,36.14237638195824,31.1956863396532,41.87346148799799,15.726724137931035,11.129082559445964,20.324365716416104,2
1993,33.54172174205824,28.53334486355718,39.429204770821464,17.589655172413792,12.935979416249054,22.24333092857853,2
1994,32.452883948268855,27.930818096906123,37.70708301152365,20.24137931034483,16.088580213447027,24.39417840724263,2
1995,32.06241403094581,28.00974593460183,36.70145369729518,32.907758620689656,27.31891975353362,38.49659748784569,2
1996,30.565990289694174,26.66306484694538,35.04022391096998,53.05603448275862,45.305257561557724,60.806811403959514,2
1997,26.8595316254391,23.516650626034256,30.67760161131512,41.58448275862069,32.45920180738457,50.70976370985681,2
1998,22.32404185974881,19.199591686405988,25.95695018392897,18.595689655172414,12.145304617817736,25.046074692527093,2
1999,18.86935381413558,15.441854533807724,23.05762643881323,14.498275862068965,10.728067864121133,18.268483860016797,2
2000,17.06248296458541,13.43490473544825,21.669548884006574,6.754310344827586,4.592589191051228,8.916031498603944,2
2001,17.08214873007039,13.549917741942556,21.535171710526722,6.876724137931035,4.534519241760968,9.218929034101102,2
2002,18.755449891834186,15.580895681676237,22.576808665678637,4.189655172413793,2.5985323426751985,5.7807780021523865,2
2003,21.729046906093036,18.907899874934866,24.971122259489846,36.75948275862069,30.580893904711544,42.93807161252984,2
2004,24.465664558630493,21.424445424362155,27.938587461161728,29.254310344827587,24.16563736775747,34.342983321897705,2
2005,26.464456275742936,23.076900297375545,30.34928595026084,31.81206896551724,24.378349460891954,39.24578847014253,2
2006,27.512743149047484,23.99094128602034,31.551535496714298,37.07155172413793,29.539134113400966,44.603969334874904,2
2007,27.81839443293071,24.274647758265797,31.879476750083885,18.313793103448276,12.146080327954461,24.48150587894209,2
2008,28.49368982201951,24.827845454883324,32.70079802731209,7.692241379310345,2.595775323250405,12.788707435370284,2
2009,29.593883913485374,25.768039527053347,33.98776085256178,38.11724137931034,30.435865587775666,45.79861717084502,2
2010,29.97563085295078,26.125768607599817,34.39280422819773,44.476724137931036,37.203614953096015,51.74983332276606,2
2011,29.122420832010736,25.4749453204415,33.29213799867086,38.119827586206895,28.847967747219123,47.39168742519467,2
2012,27.882418466494013,24.183379191752827,32.147255078637244,22.380172413793105,16.078334036492304,28.682010791093905,2
2013,27.649656711974362,23.586345327309726,32.41297054210597,23.09396551724138,18.003220510461478,28.18471052402128,2
2014,29.12790258251731,24.66120005879174,34.4036262158358,16.916379310344826,12.661907374853637,21.170851245836015,2
2015,33.09779604236216,28.393138542219933,38.58200111385625,36.74310344827586,29.40364578911712,44.0825611074346,2
2016,39.58753739573332,34.58095428696874,45.318966736818695,24.002586206896552,18.21408707274189,29.791085341051215,2
2017,49.03920182447699,43.09337348182868,55.80540861104421,50.07155172413793,38.91178178122537,61.231321667050494,2
2018,59.272082511971306,51.23947907493555,68.56392431640572,101.5551724137931,87.7147703548084,115.39557447277781,2
2019,65.55313566212094,56.59682466197051,75.92676127683693,78.3801724137931,67.44732735648321,89.313017471103,2
2020,66.98374989767984,58.502463074431716,76.69459565568057,81.11379310344827,70.04547514913298,92.18211105776356,2
2021,64.99714760307398,56.132308493676035,75.26198921627713,33.7198275862069,28.125583583587378,39.314071588826415,2
2022,63.05593303943426,51.705098558626425,76.89861932987758,62.58275862068965,53.782942321059735,71.38257492031957,2
1985,9.641710510931073,6.7692232829223755,13.733123829897574,4.087931034482758,0.7735407888451724,7.4023212801203435,4
1986,11.525045350468424,8.993155715100613,14.769750968208141,12.095689655172414,8.460967697641827,15.730411612703001,4
1987,14.011900225823844,11.406071286729151,17.213056362962952,6.185344827586207,4.323032861719658,8.047656793452758,4
1988,18.575374344405834,15.603165099161606,22.113752552253032,3.929310344827586,2.729714293013735,5.128906396641437,4
1989,26.42354367109137,23.072829082300462,30.260860410641012,30.588793103448275,26.131611732576353,35.0459744743202,4
1990,34.58285821643564,30.13537455519401,39.68671702512345,51.28793103448276,44.89440175236393,57.68146031660159,4
1991,37.943423968461545,33.14760533609939,43.433104981569024,50.063793103448276,42.5640188493939,57.563567357502656,4
1992,35.89570693547112,31.550462567168548,40.83939415005744,34.689655172413794,29.011332629666487,40.367977715161096,4
1993,32.47531713833677,28.13788777141108,37.48135722920544,25.243965517241378,20.255087608690395,30.23284342579236,4
1994,30.741575781861666,26.502483025683958,35.65871471877132,19.035344827586208,15.678284179746418,22.392405475425996,4
1995,31.280980712389326,27.43883144552955,35.66113069615778,26.78965517241379,22.820995817365443,30.75831452746214,4
1996,32.02656977663728,28.175583667367647,36.40390146897868,41.78793103448276,36.47759958209901,47.09826248686651,4
1997,30.047215229990123,26.249946657699944,34.39378962747416,40.671551724137935,34.24223339747321,47.10087005080266,4
1998,25.191146359074494,22.13284568601578,28.672040816028836,30.21206896551724,24.18434875333944,36.239789177695044,4
1999,19.80079606637619,17.35192138433445,22.595280152443888,22.238793103448277,18.071214845858236,26.406371361038318,4
2000,15.81484213562662,13.45902827603275,18.58300812252358,11.106896551724137,8.568779865084856,13.645013238363418,4
2001,14.241308623257439,11.899372266478151,17.04416558797968,8.536206896551723,6.53025615206605,10.542157641037397,4
2002,15.001682955661863,12.749986522459139,17.651037599590286,5.332758620689655,3.8382114044940154,6.827305836885295,4
2003,17.96650318848062,15.779348799681665,20.45681611577002,24.132758620689657,20.3680727600438,27.897444481335516,4
2004,21.50676226022258,18.950657616104106,24.407639686586442,24.09655172413793,20.400402971915366,27.792700476360498,4
2005,24.49927261613968,21.4947791491802,27.923727643548432,31.667241379310344,26.07069030424345,37.26379245437724,4
2006,25.68904479809903,22.64289926606179,29.144987789963253,34.8198275862069,28.651085244015917,40.98856992839788,4
2007,25.175377170560584,22.261086779322433,28.471189298300473,23.995689655172413,18.151690020711442,29.839689289633384,4
2008,24.972566401140977,22.017779734695814,28.323885522238868,16.50344827586207,11.359605473956094,21.647291077768045,4
2009,26.23429846967443,23.24007945273645,29.614288436304133,28.879310344827587,22.855008464269957,34.90361222538522,4
2010,27.728674657563566,24.533897791733374,31.339471811286327,34.23275862068966,28.160776156679717,40.3047410846996,4
2011,28.070207645163343,24.75482549053507,31.829614696490257,38.17672413793103,30.432830509019873,45.92061776684219,4
2012,26.873783111494937,23.732105653842247,30.431358652187093,30.348275862068967,23.78373247035986,36.912819253778075,4
2013,25.52303942375694,22.461895166322922,29.00136148811398,26.663793103448278,21.245221910959376,32.082364295937175,4
2014,25.3647918243635,22.117978378376332,29.088221956229578,19.443103448275863,15.207796236957005,23.67841065959472,4
2015,27.71466766702308,24.141291060810328,31.81697291825586,30.03448275862069,24.627205677334906,35.441759839906474,4
2016,32.876701614706796,28.795417375579873,37.536441822132055,24.276724137931033,19.443882834959936,29.10956544090213,4
2017,42.249387108859814,37.41901534055133,47.703305253461785,42.09396551724138,33.546788369833884,50.641142664648875,4
2018,54.462823815213824,48.00541013436033,61.788851915337275,74.96724137931035,64.34965480763378,85.58482795098692,4
2019,64.09588328790544,56.282045646142564,72.99454394899676,73.69827586206897,63.7461185213303,83.65043320280763,4
2020,68.1933855752617,60.27388607394466,77.15344304349689,84.88103448275862,74.66091603657367,95.10115292894358,4
2021,66.74622337300808,58.77383833780431,75.8000236253742,52.82241379310345,45.992277928062805,59.652549658144096,4
2022,64.61701571332964,54.54349097377537,76.55099893962065,62.213793103448275,54.552269470133744,69.87531673676281,4
1985,9.70190670884506,7.096455238552267,13.263945254777008,4.087931034482758,0.7735407888451724,7.4023212801203435,6
1986,11.540952909087517,9.125769726938357,14.595327083106369,12.095689655172414,8.460967697641827,15.730411612703001,6
1987,13.865289981687253,11.475060031532852,16.753399611679107,6.185344827586207,4.323032861719658,8.047656793452758,6
1988,17.51031344281723,15.00283739511452,20.436872625544133,3.929310344827586,2.729714293013735,5.128906396641437,6
1989,23.05142757321308,20.332181593999447,26.134348186222613,26.53793103448276,22.735123484616196,30.340738584349324,6
1990,29.046271071330313,25.71386764965694,32.810539225142826,40.06206896551724,35.22442730379004,44.899710627244446,6
1991,33.25031166304813,29.39485987301195,37.61144739134797,41.741379310344826,35.872983587657636,47.609775033032015,6
1992,34.708946916765306,30.81670267711177,39.09279356371882,34.26896551724138,29.18544141584028,39.35248961864247,6
1993,34.36549878055052,30.609729703274045,38.582095231951676,31.926724137931036,26.956314650850345,36.897133625011726,6
1994,33.41191051428442,29.779690291890343,37.487151587958515,27.31293103448276,23.621164941718938,31.00469712724658,6
1995,32.57053073051083,29.06900513145057,36.49383483438856,27.829310344827586,24.257614219092062,31.40100647056311,6
1996,31.59409724511624,28.214414519437792,35.378617551896376,35.51896551724138,31.138097595089388,39.89983343939337,6
1997,29.614803638745844,26.4102717857322,33.208162402754276,36.168103448275865,30.92013692224076,41.41606997431097,6
1998,26.426759049069297,23.559505353452913,29.64296505211691,30.889655172413793,25.773526548864048,36.00578379596354,6
1999,22.701630930462755,20.206888428413052,25.504374348812956,26.619827586206895,22.64464836415343,30.59500680826036,6
2000,19.321784951096188,17.042145888449486,21.90635945379606,18.705172413793104,15.690555460456112,21.719789367130097,6
2001,17.121583284487542,14.923404676721457,19.64354787114474,13.624137931034483,11.422019996872647,15.826255865196318,6
2002,16.477300573281983,14.361232387439774,18.905162653013807,7.827586206896552,6.276300454746474,9.378871959046629,6
2003,17.46422795361422,15.459290506850909,19.72918859896173,19.87155172413793,17.042099401230136,22.701004047045725,6
2004,19.31292073903947,17.271720727412028,21.595353083752013,20.132758620689657,17.228438704724752,23.037078536654562,6
2005,21.510119918760207,19.249276101830034,24.036501760991264,26.61810344827586,22.31232586870187,30.923881027849852,6
2006,23.312131532741546,20.82757784700734,26.093071435953384,31.00948275862069,25.981222238279585,36.03774327896179,6
2007,24.308266833839117,21.752982331292575,27.163716104117835,26.252586206896552,21.14004026559702,31.365132148196086,6
2008,24.98427643127449,22.400326810404653,27.866292937494055,20.67155172413793,15.792389230568904,25.550714217706957,6
2009,25.898572640313354,23.240263698264563,28.860948976911732,28.28965517241379,22.777416420396204,33.80189392443138,6
2010,26.68044296329875,23.93069447861431,29.746150382471335,31.95948275862069,26.366017347541266,37.552948169700116,6
2011,26.902128410750734,24.110371631350016,30.01714465850389,33.78448275862069,27.077998940099572,40.490966577141805,6
2012,26.56510278985121,23.79014860528858,29.663735941459468,29.32758620689655,23.195492760949172,35.45967965284393,6
2013,26.264959317448596,23.4678175767984,29.39549387963763,29.387931034482758,23.88979871504705,34.886063353918466,6
2014,26.589945756643377,23.668791686488287,29.871622713416926,24.16293103448276,19.527079753896967,28.798782315068554,6
2015,28.340713678468727,25.195431902612608,31.878637957448866,29.448275862068964,24.24790357874322,34.64864814539471,6
2016,31.975439044885924,28.50142308286598,35.8729000703078,24.131034482758622,19.631041668380664,28.63102729713658,6
2017,38.260260462372514,34.30563724470238,42.67075758444448,36.796551724137935,29.85769833910853,43.73540510916734,6
2018,46.71837783488225,41.85740126739292,52.14386850201033,61.60344827586207,52.88587411843805,70.32102243328609,6
2019,55.076922775728676,49.20027796610694,61.655493583456476,64.75603448275862,56.0063693631974,73.50569960231985,6
2020,61.773359098974076,55.261310296460266,69.05279433114042,75.95344827586207,66.73810570691334,85.1687908448108,6
2021,66.24398799493467,59.07948902237512,74.27731718889925,58.22844827586207,50.907611524817526,65.54928502690662,6
2022,70.30297836567492,61.03698804799949,80.97563338475624,67.57844827586207,59.95734999606808,75.19954655565606,6
1985,9.803926644647204,7.281620062171784,13.199944082904535,4.087931034482758,0.7735407888451724,7.4023212801203435,8
1986,11.737982955352638,9.337421327931727,14.755705994330222,12.095689655172414,8.460967697641827,15.730411612703001,8
1987,14.153057876782363,11.798027888349285,16.97818051958999,6.185344827586207,4.323032861719658,8.047656793452758,8
1988,17.667641930238965,15.281023221697527,20.42700720014105,3.929310344827586,2.729714293013735,5.128906396641437,8
1989,22.62649696364498,20.07001668518268,25.50861680268581,26.53793103448276,22.735123484616196,30.340738584349324,8
1990,27.81552478522918,24.737826788820083,31.27612727191393,40.06206896551724,35.22442730379004,44.899710627244446,8
1991,31.544548801327714,28.032781136352284,35.496248275879275,38.42844827586207,33.134590207568095,43.72230634415604,8
1992,33.28698680188359,29.692206092279314,37.316980991752075,31.345689655172414,26.938486321012142,35.752892989332686,8
1993,33.7148877742046,30.18587481013984,37.656475579279224,30.70603448275862,26.23126560651989,35.18080335899735,8
1994,33.51934480232751,30.08170545019226,37.34982638659336,28.59051724137931,24.94429552159045,32.23673896116817,8
1995,33.03632215774366,29.69853835207483,36.74923556074524,31.10948275862069,27.548635989753723,34.67032952748765,8
1996,32.0230974989141,28.80286929316742,35.60335475563961,36.87155172413793,32.66298032512105,41.08012312315481,8
1997,30.075339628186626,27.038474733257992,33.453294339794375,34.99655172413793,30.16178596277054,39.83131748550532,8
1998,27.340616257138823,24.558451350780665,30.437965596570965,29.560344827586206,24.95580150497579,34.164888150196624,8
1999,24.363862303812063,21.834058808176078,27.18678151296511,26.81637931034483,23.065990134016044,30.566768486673613,8
2000,21.645973642517564,19.303912460948098,24.272187095773468,21.51206896551724,18.447989615701243,24.57614831533324,8
2001,19.658475292163914,17.44032877815919,22.158736554128712,17.893103448275863,15.515923390901396,20.27028350565033,8
2002,18.656945673891325,16.540270116676826,21.044494402033784,12.95948275862069,11.119175329404584,14.799790187836795,8
2003,18.719353925370307,16.700797537524803,20.981884882798894,20.261206896551723,17.822070811111978,22.70034298199147,8
2004,19.44266432838012,17.458563622666087,21.6522506866082,18.782758620689656,16.278125860184907,21.287391381194404,8
2005,20.61579261750192,18.575045629379257,22.880746229534285,23.52758620689655,20.01907727214964,27.03609514164346,8
2006,21.862676828596683,19.70431740794763,24.25745729810813,27.294827586206896,23.14063165977928,31.44902351263451,8
2007,22.91864339623112,20.65866601866109,25.425853472297494,24.537068965517243,20.18773221082128,28.886405720213205,8
2008,23.929748964009757,21.5829821996329,26.53168501849878,21.358620689655172,17.000014298269065,25.71722708104128,8
2009,25.054450497833162,22.601124970037223,27.77408162560762,28.49137931034483,23.497345559947206,33.48541306074245,8
2010,25.947246732081542,23.400160118739848,28.771581457527766,31.282758620689656,26.06349559768674,36.50202164369257,8
2011,26.341893042185077,23.75993089453229,29.204433806059598,32.45086206896552,26.330614785763718,38.571109352167326,8
2012,26.31120414606379,23.73268180128275,29.169879300300003,29.120689655172413,23.346952948902338,34.894426361442484,8
2013,26.313316428030813,23.698704577008026,29.216391098162333,28.563793103448276,23.28973541301499,33.83785079388156,8
2014,26.837093125712144,24.116108692050506,29.86508215877955,24.93103448275862,20.231764164054255,29.630304801462984,8
2015,28.441340615996367,25.54973991396076,31.660199233305082,30.294827586206896,25.154045333952705,35.43560983846109,8
2016,31.413080628127688,28.27067665662017,34.904775946286925,26.15258620689655,21.653426104500817,30.651746309292285,8
2017,36.24339016591882,32.72074328243702,40.14527785571704,34.76293103448276,28.551529314462435,40.97433275450309,8
2018,42.695155338102566,38.53326005830284,47.30656805540463,53.66724137931035,46.11703676546628,61.21744599315441,8
2019,49.54490798785318,44.62072997565836,55.012499994149174,57.30603448275862,49.6457322114013,64.96633675411593,8
2020,55.937230440303324,50.353793577824035,62.13978187156105,67.82327586206897,59.584167340781846,76.06238438335609,8
2021,61.46224718089175,55.10657535658739,68.55094521988771,56.64655172413793,49.54598090216367,63.74712254611219,8
2022,67.08053126652747,58.91993816790922,76.37139167010169,65.47413793103448,58.09940502230465,72.8488708397643,8
1985,9.82832473591404,7.329086143072308,13.179810583327018,4.087931034482758,0.7735407888451724,7.4023212801203435,10
1986,11.765452311319907,9.374487186421643,14.766233644272738,12.095689655172414,8.460967697641827,15.730411612703001,10
1987,14.1798798189161,11.828299894865951,16.998976477268528,6.185344827586207,4.323032861719658,8.047656793452758,10
1988,17.666740835838876,15.310798140617086,20.38520323331214,3.929310344827586,2.729714293013735,5.128906396641437,10
1989,22.540322824591822,20.04832115132659,25.342079728366503,26.53793103448276,22.735123484616196,30.340738584349324,10
1990,27.582675393229433,24.541290064879185,31.000977529581625,40.06206896551724,35.22442730379004,44.899710627244446,10
1991,31.129043107735075,27.65934079251231,35.03399925805724,38.42844827586207,33.134590207568095,43.72230634415604,10
1992,32.6963513431804,29.200250469460293,36.61103497296316,31.345689655172414,26.938486321012142,35.752892989332686,10
1993,33.01308063951126,29.61757768538243,36.797860543766504,29.644827586206898,25.402528985248132,33.88712618716566,10
1994,32.86210525877196,29.554685119938515,36.5396537860612,27.666379310344826,24.25237734763887,31.080381273050783,10
1995,32.61515607306863,29.39433861419792,36.18888724228069,30.380172413793105,26.989168418332206,33.771176409254004,10
1996,32.02578446481235,28.895986467551335,35.49457886611234,36.02155172413793,32.048399272603596,39.99470417567226,10
1997,30.614415262962993,27.62444661992742,33.92800713035981,35.970689655172414,31.43332397499133,40.508055335353504,10
1998,28.34150725850975,25.569900105772653,31.413538197703843,31.520689655172415,27.052847202126078,35.988532108218756,10
1999,25.659355644966645,23.11096845290441,28.488746953922593,27.65,23.943564053850487,31.35643594614951,10
2000,23.12112875476481,20.732906470110976,25.78445022481938,22.28448275862069,19.234585253334846,25.334380263906535,10
2001,21.21078084610833,18.936041397480835,23.758779074146315,19.532758620689656,17.049965436198782,22.01555180518053,10
2002,20.13633779673506,17.97146298770575,22.561997325515666,15.812068965517241,13.76974850186973,17.854389429164755,10
2003,19.915134390658626,17.86196914719671,22.20430314987074,21.78793103448276,19.44546163930452,24.130400429661,10
2004,20.178921372607064,18.183882100481338,22.392845791222967,20.364655172413794,17.957786965461402,22.771523379366187,10
2005,20.763540894423848,18.760838439058134,22.980030017040942,23.092241379310344,20.021158576995145,26.163324181625544,10
2006,21.454571674473495,19.40070484407404,23.725872303846682,25.21206896551724,21.686140017135372,28.737997913899108,10
2007,22.147896663845305,20.03536949444282,24.483168467066573,22.927586206896553,19.186695680192145,26.66847673360096,10
2008,23.002965809968952,20.821773468104986,25.412649737311636,20.583620689655174,16.743927660816993,24.423313718493354,10
2009,24.128191045075685,21.84494074607367,26.650088451821848,26.877586206896552,22.44104428253997,31.314128131253135,10
2010,25.183459250220174,22.785109678208144,27.83425793267347,29.96206896551724,25.213342951377335,34.710794979657145,10
2011,25.850257001134207,23.386408768051542,28.573681134726986,31.88706896551724,26.31145960049441,37.46267833054007,10
2012,26.08641520490337,23.614301989157234,28.817326828253204,29.238793103448277,23.798248567784043,34.67933763911251,10
2013,26.247748075437972,23.74457773563928,29.01480441985671,28.556896551724137,23.469763278776647,33.64402982467163,10
2014,26.781894167662767,24.176307279200703,29.668296606445292,25.563793103448276,20.899448468532118,30.228137738364435,10
2015,28.203541165062266,25.434158236165796,31.27446667837018,29.516379310344828,24.49562403843951,34.53713458225015,10
2016,30.804438195594866,27.81739780859125,34.1122278609812,26.408620689655173,21.93042448104986,30.886816898260484,10
2017,34.97670868320687,31.67944535330479,38.61715811834115,34.26293103448276,28.467479971858275,40.05838209710725,10
2018,40.47473420651135,36.65032117852193,44.69821972659195,49.80344827586207,42.933243870593984,56.67365268113015,10
2019,46.31863139864333,41.854011271914814,51.259498180596616,52.63275862068966,45.68842922880107,59.577088012578244,10
2020,51.894559859127305,46.85723500082542,57.473415640617894,61.45775862068965,53.99254085647665,68.92297638490265,10
2021,56.92025876800145,51.20458012967532,63.273946393294835,53.373275862068965,46.73192545993511,60.01462626420282,10
2022,62.13624513173625,54.874694062149345,70.35871497886565,61.70862068965517,54.73577209419112,68.68146928511922,10
1985,9.783323558390606,7.229155719193575,13.239916743533312,4.087931034482758,0.7735407888451724,7.4023212801203435,20
1986,11.322057923838429,9.085836663828248,14.108661686720339,12.095689655172414,8.460967697641827,15.730411612703001,20
1987,13.284860091696725,10.886062010052635,16.212245299813702,6.185344827586207,4.323032861719658,8.047656793452758,20
1988,16.720122974081825,14.13845776774438,19.77319710967455,3.929310344827586,2.729714293013735,5.128906396641437,20
1989,22.395500648756745,20.035321835239156,25.03371063529895,26.53793103448276,22.735123484616196,30.340738584349324,20
1990,28.37033453511606,25.015135147245672,32.17555599426858,40.06206896551724,35.22442730379004,44.899710627244446,20
1991,31.857017758393404,27.997100775738822,36.249095525563796,38.42844827586207,33.134590207568095,43.72230634415604,20
1992,32.41236585707538,29.020490043946968,36.200679549587065,31.345689655172414,26.938486321012142,35.752892989332686,20
1993,31.675075856246814,28.584668475085756,35.099600031166005,29.644827586206898,25.402528985248132,33.88712618716566,20
1994,30.97298696047923,27.948265871036874,34.325060656023645,27.666379310344826,24.25237734763887,31.080381273050783,20
1995,30.842464233772198,27.931477342874267,34.05683087701758,29.68103448275862,26.408410952047277,32.95365801346996,20
1996,30.898254980303033,28.05546543139143,34.029097223944085,34.251724137931035,30.568136841398662,37.93531143446341,20
1997,30.380792067090052,27.576841876059945,33.46984149860292,33.98275862068966,29.926032219511086,38.03948502186823,20
1998,29.090881085536875,26.428822364739858,32.021077241107605,30.97758620689655,27.026273435838874,34.928898977954226,20
1999,27.358542639780456,24.879211991753074,30.084950263729965,29.083620689655174,25.67020238629781,32.49703899301254,20
2000,25.56975995519996,23.228012866728893,28.14759178573768,25.900862068965516,22.887977208897354,28.913746929033678,20
2001,24.16115166098881,21.895409988514608,26.661352762588987,24.00948275862069,21.364071852505322,26.654893664736054,20
2002,23.370995477674175,21.171709543197597,25.798739988522094,21.63362068965517,19.27180341538603,23.99543796392431,20
2003,23.260070385289282,21.13049545435053,25.604268271770188,24.880172413793105,22.493112373867966,27.267232453718243,20
2004,23.417361325446926,21.304462873195163,25.739809293032625,24.079310344827586,21.716970773167635,26.44164991648754,20
2005,23.661729042010062,21.53379932950817,25.999936782650884,25.483620689655172,23.01874376961455,27.948497609695796,20
2006,23.763937161631333,21.636984209778728,26.099973265531993,26.40603448275862,23.87561710340132,28.93645186211592,20
2007,23.65904794417256,21.557565296472816,25.965388109771403,24.69051724137931,22.13834733926994,27.24268714348868,20
2008,23.62151654902559,21.52584083721968,25.921219444822352,22.658620689655173,20.071973014242744,25.245268365067602,20
2009,23.905248500170334,21.80104258910426,26.212549400756693,25.11293103448276,22.215967683235732,28.009894385729787,20
2010,24.299424869851883,22.16026924047612,26.645075589925007,26.31637931034483,23.226171023709,29.406587596980657,20
2011,24.56548504761269,22.391271964100323,26.950816219463025,27.40603448275862,23.798445806704517,31.013623158812724,20
2012,24.610144778888777,22.439001184702658,26.991362986814345,26.40948275862069,22.706427428536287,30.112538088705094,20
2013,24.632331776254333,22.46170305598175,27.01272326605197,26.495689655172413,22.822603937804654,30.16877537254017,20
2014,24.89419987464015,22.67250293919683,27.33360269311701,25.094827586206897,21.448079004082285,28.74157616833151,20
2015,25.78286385161808,23.451601003176297,28.345871495129032,27.304310344827588,23.340388528011943,31.268232161643233,20
2016,27.502889399262294,25.01584878130928,30.23718810905225,25.88189655172414,22.082684255626155,29.681108847822124,20
2017,30.434629199891905,27.764060489554446,33.36207450215715,30.211206896551722,25.70873949692855,34.713674296174894,20
2018,34.365755104199856,31.328994231685346,37.69687322701857,38.95086206896552,33.81544688750783,44.08627725042321,20
2019,38.40227170233275,34.91647171670849,42.23606794709688,41.560344827586206,36.34368285024998,46.777006804922436,20
2020,42.05642589671583,38.255097769784165,46.23548395693798,47.1801724137931,41.602929970402506,52.7574148571837,20
2021,45.080526030194314,41.00413861326634,49.562163622710955,43.98965517241379,38.686207836703176,49.293102508124406,20
2022,48.17920228467023,43.16454176277457,53.776443302567955,49.15344827586207,43.579856843566496,54.72703970815764,20
1985,10.802946254384539,7.299184215411912,15.988587810772916,4.087931034482758,0.7735407888451724,7.4023212801203435,30
1986,10.967896513672558,8.825609738882624,13.630191850048957,12.095689655172414,8.460967697641827,15.730411612703001,30
1987,11.404210040008497,9.170138985591256,14.182555666929742,6.185344827586207,4.323032861719658,8.047656793452758,30
1988,14.377230963810993,11.545737828438558,17.90312349528902,3.929310344827586,2.729714293013735,5.128906396641437,30
1989,22.29856874777622,19.936318586366934,24.940721429849177,26.53793103448276,22.735123484616196,30.340738584349324,30
1990,31.117679454092897,27.254555803824307,35.528371167649105,40.06206896551724,35.22442730379004,44.899710627244446,30
1991,34.35452895844645,30.291349606952856,38.96272946801398,38.42844827586207,33.134590207568095,43.72230634415604,30
1992,32.46922797918185,29.210031916612554,36.092078521985584,31.345689655172414,26.938486321012142,35.752892989332686,30
1993,30.010322107292847,26.96037729943536,33.40529781837778,29.644827586206898,25.402528985248132,33.88712618716566,30
1994,28.92231462464523,25.98772887105555,32.18827960678932,27.666379310344826,24.25237734763887,31.080381273050783,30
1995,29.631326457672717,26.83581549631939,32.71804830233676,29.68103448275862,26.408410952047277,32.95365801346996,30
1996,30.975840389229962,28.10526441717592,34.13960721297008,34.251724137931035,30.568136841398662,37.93531143446341,30
1997,31.060623280630438,28.167903582257733,34.25041255782065,33.98275862068966,29.926032219511086,38.03948502186823,30
1998,29.58691614794719,26.888291108878708,32.55638685258802,30.97758620689655,27.026273435838874,34.928898977954226,30
1999,27.41255067748426,24.938260633080695,30.132331428473574,29.083620689655174,25.67020238629781,32.49703899301254,30
2000,25.098450419177237,22.82141492123094,27.602680009900137,25.900862068965516,22.887977208897354,28.913746929033678,30
2001,23.359846302663353,21.20443845224433,25.734348990802832,24.00948275862069,21.364071852505322,26.654893664736054,30
2002,22.55414379293733,20.463356534686632,24.85855149766042,21.63362068965517,19.27180341538603,23.99543796392431,30
2003,22.914522348964976,20.835915082239026,25.20049311051381,24.880172413793105,22.493112373867966,27.267232453718243,30
2004,23.436646366681767,21.315135003196403,25.769313346339516,24.079310344827586,21.716970773167635,26.44164991648754,30
2005,24.013593079467608,21.837857687811997,26.406099940292776,25.451724137931034,23.011111664448542,27.892336611413526,30
2006,24.245881996544643,22.06722955650825,26.639628335990654,26.358620689655172,23.92495211241395,28.792289266896393,30
2007,23.980927897289433,21.855243505578116,26.313360574921788,24.92844827586207,22.52295599343312,27.333940558291022,30
2008,23.872250947238204,21.750945058198692,26.200441579116855,23.475,21.100340535404403,25.8496594645956,30
2009,24.48032903171299,22.336050021684215,26.83046057468229,25.767241379310345,23.207584075232145,28.326898683388546,30
2010,25.230065737777732,23.018644644084816,27.65393996801475,26.81551724137931,24.18323860549229,29.447795877266334,30
2011,25.637326527518486,23.376767143430932,28.116484518403652,27.53103448275862,24.581931864072093,30.48013710144515,30
2012,25.54077361415343,23.296676343407754,28.001037881698768,26.66551724137931,23.71784485825886,29.613189624499757,30
2013,25.2934833171099,23.07727547479764,27.72252292137301,26.680172413793102,23.812663532123675,29.547681295462528,30
2014,25.144083482377894,22.94214692308577,27.55735704632796,25.712931034482757,22.899244579049032,28.526617489916482,30
2015,25.525643792463985,23.29155007451061,27.97402873296939,27.24051724137931,24.19073077802877,30.290303704729855,30
2016,26.48449826170677,24.14671669924439,29.048613809938736,26.22241379310345,23.239270972336044,29.205556613870854,30
2017,28.71453202446092,26.21451028225755,31.452975489755552,28.95258620689655,25.450595800225624,32.45457661356748,30
2018,31.978645575902135,29.19964812498189,35.022126584951764,34.65689655172414,30.71589760230017,38.59789550114811,30
2019,34.95948693984553,31.896820774857407,38.316223918485306,36.3,32.249726296224544,40.35027370377545,30
2020,37.34080938826582,34.078689319113636,40.9151899216019,40.148275862068964,35.80279718019599,44.49375454394194,30
2021,38.81339629536556,35.434452235791554,42.51454832592092,38.28362068965517,34.046925545050655,42.52031583425969,30
2022,40.62081731917324,36.63079791213702,45.045450651538424,42.110344827586204,37.59239892655401,46.628290728618396,30
