jaar	tijdvenster	droogte_ind_j	droogte_ind_j_var	nat_ind_j	nat_ind_j_var	verdroging_ind_j	lcl	ucl
1985	0	4.08793103448276	2.85953318939441	21.1534482758621	15.7499320462273	-17.0655172413793	-23.044234564065	-11.0867999186936
1985	2	4.08793103448276	2.85953318939441	21.1534482758621	15.7499320462273	-17.0655172413793	-23.044234564065	-11.0867999186936
1985	4	4.08793103448276	2.85953318939441	21.1534482758621	15.7499320462273	-17.0655172413793	-23.044234564065	-11.0867999186936
1985	6	4.08793103448276	2.85953318939441	21.1534482758621	15.7499320462273	-17.0655172413793	-23.044234564065	-11.0867999186936
1985	8	4.08793103448276	2.85953318939441	21.1534482758621	15.7499320462273	-17.0655172413793	-23.044234564065	-11.0867999186936
1985	10	4.08793103448276	2.85953318939441	21.1534482758621	15.7499320462273	-17.0655172413793	-23.044234564065	-11.0867999186936
1985	20	4.08793103448276	2.85953318939441	21.1534482758621	15.7499320462273	-17.0655172413793	-23.044234564065	-11.0867999186936
1985	30	4.08793103448276	2.85953318939441	21.1534482758621	15.7499320462273	-17.0655172413793	-23.044234564065	-11.0867999186936
1986	0	16.5422413793103	7.25885507280389	30.8818965517241	19.9806187417861	-14.3396551724138	-21.573021007422	-7.10628933740556
1986	2	12.0956896551724	3.4389847221353	27.3224137931034	9.85490190249703	-15.226724137931	-20.27993078605	-10.1735174898121
1986	4	12.0956896551724	3.4389847221353	27.3224137931034	9.85490190249703	-15.226724137931	-20.27993078605	-10.1735174898121
1986	6	12.0956896551724	3.4389847221353	27.3224137931034	9.85490190249703	-15.226724137931	-20.27993078605	-10.1735174898121
1986	8	12.0956896551724	3.4389847221353	27.3224137931034	9.85490190249703	-15.226724137931	-20.27993078605	-10.1735174898121
1986	10	12.0956896551724	3.4389847221353	27.3224137931034	9.85490190249703	-15.226724137931	-20.27993078605	-10.1735174898121
1986	20	12.0956896551724	3.4389847221353	27.3224137931034	9.85490190249703	-15.226724137931	-20.27993078605	-10.1735174898121
1986	30	12.0956896551724	3.4389847221353	27.3224137931034	9.85490190249703	-15.226724137931	-20.27993078605	-10.1735174898121
1987	0	0.645689655172414	0.305346300874064	44.3836206896552	30.0628307074911	-43.7379310344828	-51.3754171652504	-36.1004449037151
1987	2	5.66293103448276	0.889314321401006	39.5551724137931	14.4892727955441	-33.8922413793103	-39.3272381717867	-28.457244586834
1987	4	6.18534482758621	0.902802441224941	35.6077586206897	9.64004820128502	-29.4224137931035	-33.9224924050983	-24.9223351811086
1987	6	6.18534482758621	0.902802441224941	35.6077586206897	9.64004820128502	-29.4224137931035	-33.9224924050983	-24.9223351811086
1987	8	6.18534482758621	0.902802441224941	35.6077586206897	9.64004820128502	-29.4224137931035	-33.9224924050983	-24.9223351811086
1987	10	6.18534482758621	0.902802441224941	35.6077586206897	9.64004820128502	-29.4224137931035	-33.9224924050983	-24.9223351811086
1987	20	6.18534482758621	0.902802441224941	35.6077586206897	9.64004820128502	-29.4224137931035	-33.9224924050983	-24.9223351811086
1987	30	6.18534482758621	0.902802441224941	35.6077586206897	9.64004820128502	-29.4224137931035	-33.9224924050983	-24.9223351811086
1988	0	0.980172413793103	0.317690314892463	64.2224137931034	40.3396143375681	-63.2422413793103	-72.0793535080799	-54.4051292505408
1988	2	0.787931034482759	0.195896332686651	57.2818965517241	25.9776909407138	-56.4939655172414	-63.5843975516627	-49.4035334828201
1988	4	3.92931034482759	0.374591495087302	46.8413793103448	12.2643786636627	-42.9120689655172	-47.8392318287609	-37.9849061022736
1988	6	3.92931034482759	0.374591495087302	46.8413793103448	12.2643786636627	-42.9120689655172	-47.8392318287609	-37.9849061022736
1988	8	3.92931034482759	0.374591495087302	46.8413793103448	12.2643786636627	-42.9120689655172	-47.8392318287609	-37.9849061022736
1988	10	3.92931034482759	0.374591495087302	46.8413793103448	12.2643786636627	-42.9120689655172	-47.8392318287609	-37.9849061022736
1988	20	3.92931034482759	0.374591495087302	46.8413793103448	12.2643786636627	-42.9120689655172	-47.8392318287609	-37.9849061022736
1988	30	3.92931034482759	0.374591495087302	46.8413793103448	12.2643786636627	-42.9120689655172	-47.8392318287609	-37.9849061022736
1989	0	72.3284482758621	30.5272563077581	17.023275862069	12.4323027228446	55.3051724137931	46.2213009381511	64.3890438894351
1989	2	48.2172413793103	13.533339174333	32.4224137931034	12.264977209671	15.7948275862069	8.75540956264878	22.834245609765
1989	4	30.5887931034483	5.1714040433277	37.5931034482759	9.54044954836556	-7.00431034482759	-12.3201854730567	-1.68843521659852
1989	6	26.5379310344828	3.7644068256253	36.7275862068966	8.00901537434549	-10.1896551724138	-14.9451140736876	-5.43419627114003
1989	8	26.5379310344828	3.7644068256253	36.7275862068966	8.00901537434549	-10.1896551724138	-14.9451140736876	-5.43419627114003
1989	10	26.5379310344828	3.7644068256253	36.7275862068966	8.00901537434549	-10.1896551724138	-14.9451140736876	-5.43419627114003
1989	20	26.5379310344828	3.7644068256253	36.7275862068966	8.00901537434549	-10.1896551724138	-14.9451140736876	-5.43419627114003
1989	30	26.5379310344828	3.7644068256253	36.7275862068966	8.00901537434549	-10.1896551724138	-14.9451140736876	-5.43419627114003
1990	0	74.4336206896552	36.4425114342783	9.68706896551724	3.48515855445689	64.7465517241379	55.9890938444583	73.5040096038176
1990	2	73.3887931034483	23.6602798595031	11.8379310344828	3.90242881281682	61.5508620689655	54.2747057472671	68.827018390664
1990	4	51.2879310344828	10.640674896218	25.8163793103448	5.03642479973715	25.4715517241379	19.9840593008183	30.9590441474576
1990	6	40.0620689655172	6.09193483113253	28.8672413793103	4.39166369401506	11.1948275862069	6.70741228927889	15.6822428831349
1990	8	40.0620689655172	6.09193483113253	28.8672413793103	4.39166369401506	11.1948275862069	6.70741228927889	15.6822428831349
1990	10	40.0620689655172	6.09193483113253	28.8672413793103	4.39166369401506	11.1948275862069	6.70741228927889	15.6822428831349
1990	20	40.0620689655172	6.09193483113253	28.8672413793103	4.39166369401506	11.1948275862069	6.70741228927889	15.6822428831349
1990	30	40.0620689655172	6.09193483113253	28.8672413793103	4.39166369401506	11.1948275862069	6.70741228927889	15.6822428831349
1991	0	34.0413793103448	25.6142192878153	14.4068965517241	6.35283351064939	19.6344827586207	11.7985198302187	27.4704456870227
1991	2	47.1629310344828	22.5786216414252	12.5586206896552	3.67086342491186	34.6043103448276	27.5036053857816	41.7050153038736
1991	4	50.0637931034483	14.6414550868849	18.0629310344828	2.71069363174583	32.0008620689655	26.2276474307639	37.7740767071672
1991	6	41.7413793103448	8.96451175501179	24.0491379310345	2.86818262771971	17.6922413793103	12.924827051779	22.4596557068416
1991	8	38.4284482758621	7.29512006644137	25.126724137931	2.76762408212863	13.301724137931	8.90530298424554	17.6981452916165
1991	10	38.4284482758621	7.29512006644137	25.126724137931	2.76762408212863	13.301724137931	8.90530298424554	17.6981452916165
1991	20	38.4284482758621	7.29512006644137	25.126724137931	2.76762408212863	13.301724137931	8.90530298424554	17.6981452916165
1991	30	38.4284482758621	7.29512006644137	25.126724137931	2.76762408212863	13.301724137931	8.90530298424554	17.6981452916165
1992	0	7.03189655172414	4.22383535943009	17.7853448275862	13.8857659141164	-10.7534482758621	-16.6513226494163	-4.8555739023078
1992	2	15.726724137931	5.5024750323341	16.3612068965517	7.36837694526149	-0.63448275862069	-5.60663847607018	4.3376729588288
1992	4	34.6896551724138	8.39320775184096	14.6370689655172	3.94982029799529	20.0525862068966	15.183449909962	24.9217225038311
1992	6	34.2689655172414	6.72694119365	20.5379310344828	3.07206479337464	13.7310344827586	9.39260957273921	18.069459392778
1992	8	31.3456896551724	5.05608111949016	23.3870689655172	2.70118719621587	7.95862068965517	4.09854802443135	11.818693354879
1992	10	31.3456896551724	5.05608111949016	23.3870689655172	2.70118719621587	7.95862068965517	4.09854802443135	11.818693354879
1992	20	31.3456896551724	5.05608111949016	23.3870689655172	2.70118719621587	7.95862068965517	4.09854802443135	11.818693354879
1992	30	31.3456896551724	5.05608111949016	23.3870689655172	2.70118719621587	7.95862068965517	4.09854802443135	11.818693354879
1993	0	23.351724137931	10.9993821056804	24.3413793103448	10.0359027473559	-0.989655172413794	-7.34611449704666	5.36680415221907
1993	2	17.5896551724138	5.63741619208545	21.8327586206897	6.95273343137868	-4.24310344827586	-9.1607410311758	0.67453413462407
1993	4	25.2439655172414	6.47878560662953	18.4775862068966	4.08257781045956	6.76637931034483	2.26235146279052	11.2704071578991
1993	6	31.926724137931	6.43090651532219	19.526724137931	2.84593394715981	12.4	8.17874957384243	16.6212504261576
1993	8	30.7060344827586	5.2122960474164	22.698275862069	2.47141169660179	8.00775862068966	4.16603168678218	11.8494855545971
1993	10	29.6448275862069	4.68479212299476	23.4801724137931	2.33129202129879	6.1646551724138	2.49362065550183	9.83568968932576
1993	20	29.6448275862069	4.68479212299476	23.4801724137931	2.33129202129879	6.1646551724138	2.49362065550183	9.83568968932576
1993	30	29.6448275862069	4.68479212299476	23.4801724137931	2.33129202129879	6.1646551724138	2.49362065550183	9.83568968932576
1994	0	19.1965517241379	7.07939441350105	58.1060344827586	36.45376631047	-38.9094827586207	-48.0537976656328	-29.7651678516086
1994	2	20.2413793103448	4.48920771011953	46.5172413793103	16.765449444062	-26.2758620689655	-32.6653804750546	-19.8863436628764
1994	4	19.0353448275862	2.93363603531719	35.0784482758621	6.6792641513862	-16.0431034482759	-20.3401325008446	-11.7460743957071
1994	6	27.3129310344828	3.54777615672654	29.1163793103448	3.84179111385777	-1.80344827586207	-5.57092499288878	1.96402844116464
1994	8	28.5905172413793	3.4607800994013	29.4241379310345	3.11899117591839	-0.833620689655174	-4.38867690097365	2.7214355216633
1994	10	27.6663793103448	3.03399869881303	29.6612068965517	2.66045999176002	-1.9948275862069	-5.30207965595494	1.31242448354114
1994	20	27.6663793103448	3.03399869881303	29.6612068965517	2.66045999176002	-1.9948275862069	-5.30207965595494	1.31242448354114
1994	30	27.6663793103448	3.03399869881303	29.6612068965517	2.66045999176002	-1.9948275862069	-5.30207965595494	1.31242448354114
1995	0	40.2405172413793	13.8482301901454	52.1551724137931	28.63879988318	-11.9146551724138	-20.9484299850181	-2.88088035980952
1995	2	32.9077586206897	8.1307579870455	53.8	22.2336969355613	-20.8922413793103	-28.5292594502162	-13.2552233084045
1995	4	26.7896551724138	4.09992114650479	44.4775862068966	11.3201208356802	-17.6879310344828	-23.1302482467905	-12.245613822175
1995	6	27.8293103448276	3.32075520996308	37.2793103448276	6.43558149237541	-9.45	-13.7789688769789	-5.12103112302112
1995	8	31.1094827586207	3.30061164914367	34.0775862068966	4.54426982289255	-2.96810344827587	-6.84991337812652	0.913706481574791
1995	10	30.3801724137931	2.99326012526858	33.6844827586207	3.70497804409955	-3.30431034482758	-6.89122766694728	0.282606977292108
1995	20	29.6810344827586	2.78791773577821	33.3310344827586	3.39343555082713	-3.65	-7.09574279262273	-0.204257207377263
1995	30	29.6810344827586	2.78791773577821	33.3310344827586	3.39343555082713	-3.65	-7.09574279262273	-0.204257207377263
1996	0	59.9818965517241	30.3216197431003	7.82586206896552	3.17265562091912	52.1560344827586	44.1350741836916	60.1769947818256
1996	2	53.0560344827586	15.6378964187371	22.2681034482759	4.35732754709306	30.7879310344828	24.5906069189014	36.9852551500641
1996	4	41.7879310344828	7.34059249640153	32.3965517241379	5.72084506748441	9.39137931034483	4.3825461854831	14.4002124352066
1996	6	35.5189655172414	4.99583604522602	31.1068965517241	4.32307549492042	4.41206896551724	0.181257543778699	8.64288038725578
1996	8	36.8715517241379	4.61059798537664	28.6448275862069	3.14369130316874	8.22672413793103	4.36739273658209	12.08605553928
1996	10	36.0215517241379	4.10920980922878	29.0560344827586	2.74379374230761	6.96551724137931	3.33739800108537	10.5936364816733
1996	20	34.251724137931	3.53207397208837	29.3370689655172	2.40629076965601	4.9146551724138	1.53731731606264	8.29199302876495
1996	30	34.251724137931	3.53207397208837	29.3370689655172	2.40629076965601	4.9146551724138	1.53731731606264	8.29199302876495
1997	0	32.8836206896552	27.1529693269291	5.88706896551724	2.03242976458685	26.9965517241379	19.5092748777148	34.4838285705611
1997	2	41.5844827586207	21.6760600892838	6.26465517241379	1.68563626478503	35.3198275862069	28.6210854388411	42.0185697335727
1997	4	40.6715517241379	10.7601348775476	20.4931034482759	2.46768842439035	20.1784482758621	15.1378130977955	25.2190834539287
1997	6	36.1681034482759	7.16918800978367	24.4612068965517	2.743126199491	11.7068965517241	7.34346061966615	16.0703324837821
1997	8	34.9965517241379	6.08469386903644	24.3448275862069	2.37564303147882	10.651724137931	6.62051896844267	14.6829293074194
1997	10	35.9706896551724	5.35914392848948	24.4853448275862	2.05836088251246	11.4853448275862	7.7107530296599	15.2599366255125
1997	20	33.9827586206897	4.2838997016918	25.9206896551724	1.82301937960239	8.06206896551724	4.63713536450395	11.4870025665305
1997	30	33.9827586206897	4.2838997016918	25.9206896551724	1.82301937960239	8.06206896551724	4.63713536450395	11.4870025665305
1998	0	11.951724137931	9.45305755470722	43.8905172413793	22.5804737598306	-31.9387931034483	-39.7828996140054	-24.0946865928912
1998	2	18.5956896551724	10.8307650796879	30.9103448275862	10.1562888791539	-12.3146551724138	-18.6638230898769	-5.96548725495064
1998	4	30.2120689655172	9.45788498445877	25.6560344827586	4.95639194411415	4.55603448275862	-0.705803896021449	9.81787286153869
1998	6	30.8896551724138	6.8135079375013	29.1025862068966	4.22798173905334	1.78706896551724	-2.81819903653499	6.39233696756947
1998	8	29.5603448275862	5.51900749942633	28.8181034482759	3.42353058441288	0.742241379310343	-3.40225221477788	4.88673497339857
1998	10	31.5206896551724	5.19617247637524	27.5163793103448	2.64940151918143	4.00431034482759	0.122329081263163	7.88629160839201
1998	20	30.9775862068966	4.06415884389928	28.2456896551724	2.0162184872854	2.73189655172414	-0.685586261362058	6.14937936481033
1998	30	30.9775862068966	4.06415884389928	28.2456896551724	2.0162184872854	2.73189655172414	-0.685586261362058	6.14937936481033
1999	0	16.2913793103448	6.32484703882179	55.7370689655172	38.0997265290903	-39.4456896551724	-48.6831525595226	-30.2082267508222
1999	2	14.498275862069	3.70014273942883	51.4646551724138	26.0588362981622	-36.9663793103448	-44.5268718164852	-29.4058868042044
1999	4	22.2387931034483	4.52121733994618	36.9689655172414	11.4654842814527	-14.7301724137931	-20.2715852728375	-9.18875955474867
1999	6	26.6198275862069	4.11340322975989	35.8724137931034	8.26138848905855	-9.25258620689655	-14.1279836197755	-4.37718879401763
1999	8	26.8163793103448	3.66134396447421	34.9870689655172	6.41729020641676	-8.17068965517241	-12.5705806214859	-3.77079868885889
1999	10	27.65	3.57602754657154	33.1077586206897	4.84608581315059	-5.45775862068966	-9.47984705101467	-1.43567019036465
1999	20	29.0836206896552	3.03296139985815	31.6163793103448	3.06766934987588	-2.53275862068966	-5.95592843010448	0.890411188725168
1999	30	29.0836206896552	3.03296139985815	31.6163793103448	3.06766934987588	-2.53275862068966	-5.95592843010448	0.890411188725168
2000	0	2.43534482758621	0.984902906418841	28.6137931034483	16.9390779564846	-26.1784482758621	-32.0460186794844	-20.3108778722397
2000	2	6.75431034482759	1.21643022352254	37.3318965517241	15.629559434779	-30.5775862068965	-36.2659758679224	-24.8891965458707
2000	4	11.1068965517241	1.67691490915159	37.0775862068966	11.5124061267914	-25.9706896551724	-31.0039835911391	-20.9373957192057
2000	6	18.7051724137931	2.36565893777249	33.3965517241379	7.78486972484719	-14.6913793103448	-19.1069353857627	-10.2758232349269
2000	8	21.5120689655172	2.44392499530634	33.9663793103448	6.43287044714938	-12.4543103448276	-16.5835413490061	-8.32507934064909
2000	10	22.2844827586207	2.42135432964099	33.0275862068966	5.1412485136742	-10.7431034482759	-14.5544349139765	-6.93177198257522
2000	20	25.9008620689655	2.36294126927008	31.1956896551724	3.05139027525711	-5.2948275862069	-8.51970712360482	-2.06994804880898
2000	30	25.9008620689655	2.36294126927008	31.1956896551724	3.05139027525711	-5.2948275862069	-8.51970712360482	-2.06994804880898
2001	0	9.50948275862069	2.8810920713645	49.4163793103448	36.9992374496735	-39.9068965517241	-48.6591612268816	-31.1546318765666
2001	2	6.87672413793103	1.42803097033607	42.148275862069	21.8446123036485	-35.2715517241379	-41.9575141231251	-28.5855893251508
2001	4	8.53620689655172	1.0474381479859	43.425	16.2852858048063	-34.8887931034483	-40.6587754403817	-29.1188107665149
2001	6	13.6241379310345	1.26231866825208	38.2775862068966	10.8443768383503	-24.6534482758621	-29.4757444850431	-19.831152066681
2001	8	17.8931034482759	1.47099776790371	37.2629310344828	8.39018588199094	-19.3698275862069	-23.7219950410181	-15.0176601313957
2001	10	19.5327586206897	1.60460797505059	36.3887931034483	6.72060486941194	-16.8560344827586	-20.8549179308781	-12.8571510346392
2001	20	24.0094827586207	1.82168858345328	33.1698275862069	3.71623997381981	-9.16034482758621	-12.4218250395161	-5.89886461565634
2001	30	24.0094827586207	1.82168858345328	33.1698275862069	3.71623997381981	-9.16034482758621	-12.4218250395161	-5.89886461565634
2002	0	1.90344827586207	0.66663808748983	42.0724137931035	23.9726947869078	-40.1689655172414	-47.0484444644541	-33.2894865700287
2002	2	4.18965517241379	0.659014957131235	44.201724137931	21.5088550076142	-40.0120689655172	-46.5374076255626	-33.4867303054719
2002	4	5.33275862068966	0.581442987671319	42.4974137931034	16.3346844947535	-37.1646551724138	-42.8648742619087	-31.4644360829189
2002	6	7.82758620689655	0.626428437323988	41.1689655172414	12.818080397188	-33.3413793103448	-38.4231322135595	-28.2596264071302
2002	8	12.9594827586207	0.88159398011974	38.2301724137931	9.70277334053028	-25.2706896551724	-29.7796199883562	-20.7617593219887
2002	10	15.8120689655172	1.08576449298037	37.7784482758621	8.02510629837078	-21.9663793103448	-26.1496986402583	-17.7830599804314
2002	20	21.6336206896552	1.452046240378	34.0612068965517	4.14723930627699	-12.4275862068966	-15.7070842901427	-9.14808812365045
2002	30	21.6336206896552	1.452046240378	34.0612068965517	4.14723930627699	-12.4275862068966	-15.7070842901427	-9.14808812365045
2003	0	54.6551724137931	22.4975947597889	25.3103448275862	10.149492041638	29.3448275862069	21.425956181254	37.2636989911598
2003	2	36.7594827586207	9.93725536902601	30.576724137931	9.84500773150176	6.18275862068966	0.0185254191070188	12.3469918222723
2003	4	24.1327586206897	3.68931164862215	35.0456896551724	10.6123703115547	-10.9129310344828	-16.1541780911581	-5.67168397780743
2003	6	19.8715517241379	2.08397554342157	37.673275862069	10.4886765051004	-17.801724137931	-22.7159433083386	-12.8875049675235
2003	8	20.2612068965517	1.54867368890419	35.9198275862069	8.65678068350126	-15.6586206896552	-20.0861071953959	-11.2311341839144
2003	10	21.7879310344828	1.42835351607318	35.7060344827586	7.42374440672132	-13.9181034482759	-18.0415861619663	-9.79462073458544
2003	20	24.8801724137931	1.48325063364416	33.1163793103448	3.9684229431337	-8.23620689655172	-11.4721881397413	-5.00022565336212
2003	30	24.8801724137931	1.48325063364416	33.1163793103448	3.9684229431337	-8.23620689655172	-11.4721881397413	-5.00022565336212
2004	0	17.048275862069	9.33549283434508	9.56724137931034	3.41034154202391	7.48103448275862	2.53308554707532	12.4289834184419
2004	2	29.2543103448276	6.74057493428875	14.4758620689655	2.72459749254229	14.7784482758621	10.5145646942598	19.0423318574643
2004	4	24.0965517241379	3.55620460187329	24.3258620689655	4.38239027264952	-0.229310344827585	-4.13423710918353	3.67561641952836
2004	6	20.1327586206897	2.19571901662599	28.7474137931034	5.64273307935415	-8.61465517241379	-12.4948740819547	-4.73443626287291
2004	8	18.7827586206897	1.63296159542733	30.8724137931034	5.90630786240274	-12.0896551724138	-15.8951024226854	-8.28420792214215
2004	10	20.3646551724138	1.50796922262553	30.7275862068966	5.30199157227194	-10.3629310344828	-13.9796384728636	-6.74622359610195
2004	20	24.0793103448276	1.45268852869391	30.8413793103448	3.20241400171058	-6.76206896551724	-9.752306571528	-3.77183135950648
2004	30	24.0793103448276	1.45268852869391	30.8413793103448	3.20241400171058	-6.76206896551724	-9.752306571528	-3.77183135950648
2005	0	39.701724137931	26.3655679850637	5.61120689655172	2.31864709149509	34.0905172413793	26.6678061248765	41.5132283578821
2005	2	31.8120689655172	14.3846797359034	6.64137931034483	1.49208377662348	25.1706896551724	19.6483633921867	30.6930159181581
2005	4	31.6672413793103	8.15321322777812	13.9405172413793	1.59759237384484	17.726724137931	13.3989825329369	22.0544657429252
2005	6	26.6181034482759	4.82604137983186	20.3094827586207	2.63792812702088	6.30862068965517	2.52222495904767	10.0950164202627
2005	8	23.5275862068966	3.20429897573899	24.8603448275862	3.71116971233077	-1.33275862068966	-4.97737550810655	2.31185826672724
2005	10	23.0922413793103	2.45510974038843	25.9181034482759	3.79543548042222	-2.82586206896552	-6.29083642098215	0.639112283051117
2005	20	25.4836206896552	1.58153327544485	28.3991379310345	2.72239544871394	-2.91551724137931	-5.7907539783045	-0.0402805044541203
2005	30	25.451724137931	1.55054905396666	28.5094827586207	2.63260134395144	-3.05775862068965	-5.89236534549666	-0.223151895882651
2006	0	36.2224137931034	16.8243140476041	3.57327586206897	1.24481591724555	32.6491379310345	26.7578575238154	38.5404183382536
2006	2	37.0715517241379	14.7691886356051	3.99224137931034	0.896854426121785	33.0793103448276	27.5937533527834	38.5648673368718
2006	4	34.8198275862069	9.90560758130463	7.10948275862069	0.734493619229405	27.7103448275862	23.1895587912883	32.2311308638841
2006	6	31.0094827586207	6.58147747303753	13.673275862069	1.19961169086509	17.3362068965517	13.4702120613218	21.2022017317816
2006	8	27.2948275862069	4.49222818490936	18.4396551724138	2.03586712768842	8.8551724137931	5.31410400490323	12.396240822683
2006	10	25.2120689655172	3.23619714416839	21.5922413793103	2.56650646942862	3.6198275862069	0.28129001700131	6.95836515541248
2006	20	26.4060344827586	1.66675658937772	25.8491379310345	2.29414107317938	0.556896551724137	-2.20138048842968	3.31517359187795
2006	30	26.3586206896552	1.54173853182302	26.2784482758621	2.18380260811064	0.0801724137931039	-2.59490130885167	2.75524613643788
2007	0	9.82844827586207	11.4270284044684	10.0301724137931	2.87742069017669	-0.201724137931034	-5.44347821657629	5.04002994071423
2007	2	18.3137931034483	9.90230135386027	7.59310344827586	1.49831195110249	10.7206896551724	6.041127919692	15.4002513906528
2007	4	23.9956896551724	8.89013216565492	6.7448275862069	0.853152470951457	17.2508620689655	12.9247898169113	21.5769343210197
2007	6	26.2525862068966	6.80396865938628	10.0784482758621	0.671412179005778	16.1741379310345	12.3848488797237	19.9634269823452
2007	8	24.5370689655172	4.92418008271273	14.55	1.01822063333125	9.98706896551724	6.60858361030594	13.3655543207285
2007	10	22.9275862068966	3.64282120282871	18.5206896551724	1.64624027369255	4.40689655172414	1.21954196145621	7.59425114199207
2007	20	24.6905172413793	1.69553602905897	24.0431034482759	1.88575865198072	0.64741379310345	-1.97536161156639	3.27018919777329
2007	30	24.9284482758621	1.50624560621232	24.9137931034483	1.80876880071761	0.0146551724137929	-2.50873137602285	2.53804172085044
2008	0	6.98793103448276	6.12275137159188	5.89051724137931	1.73281954700962	1.09741379310345	-2.78703991629376	4.98186750250066
2008	2	7.69224137931035	6.76123653180216	6.96810344827586	1.35749099077956	0.724137931034483	-3.22484318127474	4.6731190433437
2008	4	16.5034482758621	6.8875257108288	6.23879310344828	0.810166377224273	10.2646551724138	6.41943385723149	14.1098764875961
2008	6	20.6715517241379	6.19695612209775	7.19827586206897	0.600332989131568	13.473275862069	9.85993489769136	17.0866168264466
2008	8	21.3586206896552	4.94519202286334	11.0336206896552	0.631936930241776	10.325	7.05199689992137	13.5980031000786
2008	10	20.5836206896552	3.83778700429731	14.6086206896552	0.958666218161337	5.975	2.93970308706075	9.01029691293926
2008	20	22.6586206896552	1.74165613200659	22.0258620689655	1.55901730396145	0.632758620689657	-1.88516384352711	3.15068108490642
2008	30	23.475	1.46787993877381	23.3310344827586	1.51128710599328	0.14396551724138	-2.2481849921515	2.53611602663426
2009	0	54.15	28.3666235371425	4.82931034482759	1.48309536474957	49.3206896551724	41.7486793496621	56.8926999606827
2009	2	38.1172413793103	15.3591040323758	4.91293103448276	1.01197583547156	33.2043103448276	27.5966753522339	38.8119453374213
2009	4	28.8793103448276	9.44716085695809	5.65775862068966	0.70740963399879	23.2215517241379	18.8051166234	27.6379868248759
2009	6	28.2896551724138	7.9094065127146	5.73103448275862	0.577010034002962	22.5586206896552	18.5212070493484	26.5960343299619
2009	8	28.4913793103448	6.49218375159063	7.89051724137931	0.449444492250245	20.6008620689655	16.9493583334109	24.2523658045202
2009	10	26.8775862068966	5.12362147193191	11.2060344827586	0.547060947180675	15.6715517241379	12.3712113188719	18.9718921294039
2009	20	25.1129310344828	2.18460970909736	20.1775862068966	1.2627653482696	4.93534482758621	2.36207492137923	7.50861473379318
2009	30	25.7672413793103	1.70549914471077	21.8698275862069	1.2380042686234	3.89741379310345	1.51962461903181	6.27520296717509
2010	0	40.1405172413793	13.399230148424	8.78448275862069	2.92630666291174	31.3560344827586	25.7562049222083	36.955864043309
2010	2	44.476724137931	13.7698139354778	7.18103448275862	1.58445381438138	37.2956896551724	31.8649919565402	42.7263873538047
2010	4	34.2327586206897	9.59729566931598	6.69827586206897	0.983722646390054	27.5344827586207	23.0262658183207	32.0426996989207
2010	6	31.9594827586207	8.14422514185285	6.36034482758621	0.690262062707303	25.5991379310345	21.4797589702542	29.7185168918148
2010	8	31.2827586206897	7.09097941047625	6.88706896551724	0.527501421136074	24.3956896551724	20.5703036640127	28.2210756463321
2010	10	29.9620689655172	5.87005382063959	9.43362068965517	0.413249069090681	20.5284482758621	17.0544062222027	24.0024903295215
2010	20	26.3163793103448	2.48578385432964	18.7284482758621	1.03005331215971	7.58793103448276	4.98923520207129	10.1866268668942
2010	30	26.8155172413793	1.80364713060892	20.8603448275862	1.04911534931264	5.9551724137931	3.61432082271918	8.29602400486703
2011	0	37.5827586206897	34.2584583933079	9.7448275862069	5.09002273817719	27.8379310344828	19.144222817769	36.5316392511965
2011	2	38.1198275862069	22.378015637712	9.1301724137931	3.33037446283664	28.9896551724138	21.9625166576886	36.016793687139
2011	4	38.176724137931	15.6101334172977	7.68189655172414	1.67313788149029	30.4948275862069	24.7330824069481	36.2565727654657
2011	6	33.7844827586207	11.7078626634958	7.30258620689655	1.07692097179632	26.4818965517241	21.5263933071818	31.4373997962664
2011	8	32.4508620689655	9.75047553299122	6.99310344827586	0.769770323549659	25.4577586206897	20.9625068767666	29.9530103646128
2011	10	31.8870689655172	8.09231044130838	8.2051724137931	0.558140736800384	23.6818965517241	19.6056499175138	27.7581431859345
2011	20	27.4060344827586	3.38783216774099	17.4060344827586	0.895664322444041	10	7.13159625255659	12.8684037474434
2011	30	27.5310344827586	2.26395414815278	20.023275862069	0.938824824770011	7.50775862068965	5.02745665294659	9.98806058843271
2012	0	15.2181034482759	6.71889241348019	8.72586206896552	2.51355930700711	6.49224137931034	2.28110219083509	10.7033805677856
2012	2	22.3801724137931	10.3376631959655	8.74913793103448	1.67640623370257	13.6310344827586	8.82722093928022	18.434848026237
2012	4	30.348275862069	11.2175213300791	8.225	1.3142016735507	22.123275862069	17.2170620932476	27.0294896308903
2012	6	29.3275862068966	9.78825750464151	7.77586206896552	0.953519202286334	21.551724137931	17.0093894190153	26.0940588568467
2012	8	29.1206896551724	8.67764357385735	7.33793103448276	0.748984709097357	21.7827586206897	17.5275656043978	26.0379516369816
2012	10	29.2387931034483	7.70499917860942	7.5	0.580322089409016	21.7387931034483	17.7495018015239	25.7280844053727
2012	20	26.4094827586207	3.56950717869287	16.0155172413793	0.717062863758683	10.3939655172414	7.52453286643026	13.2633981680525
2012	30	26.6655172413793	2.26175876671465	19.2241379310345	0.819951185931535	7.44137931034482	5.00840818905243	9.87435043163722
2013	0	27.4913793103448	10.4959397229697	9.67327586206897	4.76586218630703	17.8181034482759	12.4037827053443	23.2324241912074
2013	2	23.0939655172414	6.74606536965183	9.06551724137931	2.81273379644116	14.0284482758621	9.74352803877114	18.313368512953
2013	4	26.6637931034483	7.64288675761938	8.91034482758621	1.40618457558879	17.7534482758621	13.5843409113503	21.9225556403738
2013	6	29.3879310344828	7.8689762083568	8.25172413793103	0.965338465068736	21.1362068965517	17.0168681602112	25.2555456328923
2013	8	28.5637931034483	7.24065090639798	7.90172413793103	0.756386142228341	20.6620689655172	16.7427949558311	24.5813429752034
2013	10	28.5568965517241	6.73649649540021	7.5948275862069	0.611961793604105	20.9620689655172	17.2050863089803	24.7190516220542
2013	20	26.4956896551724	3.51196342334731	14.7327586206897	0.588819961616288	11.7629310344828	8.95637002038774	14.5694920485778
2013	30	26.6801724137931	2.14041211642364	18.5456896551724	0.726678153096773	8.13448275862069	5.78776015258162	10.4812053646598
2014	0	12.0887931034483	6.69115340186078	7.81896551724138	5.67810381333834	4.2698275862069	-0.604479468027013	9.14413464044081
2014	2	16.9163793103448	4.71171684971942	8.18965517241379	3.72614577466258	8.72672413793103	4.70087683221849	12.7525714436436
2014	4	19.4431034482759	4.66936359179757	8.32327586206897	2.09847384327346	11.1198275862069	7.51432316306657	14.7253320093472
2014	6	24.1629310344828	5.59431411279387	8.2	1.34868222875858	15.9629310344828	12.3110674865317	19.6147945824339
2014	8	24.9310344827586	5.74842293009575	7.93534482758621	1.00385121357198	16.9956896551724	13.3943332197224	20.5970460906224
2014	10	25.5637931034483	5.66329416734464	7.62931034482759	0.769439316185827	17.9344827586207	14.4193733043981	21.4495922128433
2014	20	25.0948275862069	3.46178030540084	13.3655172413793	0.491061601685546	11.7293103448276	8.97383965270772	14.4847810369475
2014	30	25.7129310344828	2.06081618843482	17.823275862069	0.641607018065378	7.88965517241379	5.61131926762592	10.1679910772017
2015	0	49.5836206896552	26.5398814198844	10.7405172413793	4.62716764972777	38.8431034482759	31.1058127174767	46.5803941790751
2015	2	36.7431034482759	14.0221883409475	9.46465517241379	3.34424631547656	27.2784482758621	21.5028575971471	33.054038954577
2015	4	30.0344827586207	7.61105930700711	9.0301724137931	2.33735143260947	21.0043103448276	16.6329367221941	25.375683967461
2015	6	29.448275862069	7.03974174437282	8.93534482758621	1.62431974518639	20.5129310344828	16.4334789500546	24.5923831189109
2015	8	30.2948275862069	6.87933209212091	8.47413793103448	1.21191068485721	21.8206896551724	17.8783985540461	25.7629807562987
2015	10	29.5163793103448	6.56184493449736	8.21896551724138	0.939048803638108	21.2974137931034	17.5016639736066	25.0931636126003
2015	20	27.3043103448276	4.09013852817239	12.5043103448276	0.486570720424724	14.8	11.8350475341575	17.7649524658425
2015	30	27.2405172413793	2.42117801750214	17.0181034482759	0.585021708179486	10.2224137931034	7.81943471847769	12.6253928677292
2016	0	11.726724137931	9.12271305306965	25.901724137931	12.297446283664	-14.175	-20.5893465804397	-7.76065341956034
2016	2	24.0025862068966	8.72207471525127	20.5465517241379	6.57795299038321	3.45603448275862	-1.96506256645408	8.87713153197133
2016	4	24.276724137931	6.07985085893986	15.7043103448276	3.41673593727184	8.57241379310345	4.301460279172	12.8433673070349
2016	6	24.1310344827586	5.2712243152471	13.6568965517241	2.33393396541294	10.4741379310345	6.6520981581525	14.2961777039165
2016	8	26.1525862068966	5.26927364301062	12.4155172413793	1.6594101111876	13.7370689655172	10.0889714126736	17.3851665183609
2016	10	26.4086206896552	5.22028354924171	11.4879310344828	1.27134848864134	14.9206896551724	11.3895245757169	18.4518547346279
2016	20	25.8818965517241	3.75729229248806	13.2853448275862	0.584022480025867	12.5965517241379	9.70885412656219	15.4842493217137
2016	30	26.2224137931034	2.31651944218453	17.2129310344828	0.634413305484281	9.00948275862069	6.62869473325551	11.3902707839859
2017	0	69.7534482758621	60.1986374303774	11.5060344827586	7.09516022331393	58.2474137931034	46.878248189014	69.6165793971929
2017	2	50.0715517241379	32.418904929908	16.0008620689655	4.49603877224274	34.0706896551724	25.6501063105881	42.4912729997568
2017	4	42.0939655172414	19.0166173441183	14.8724137931034	2.88523332707512	27.2215517241379	20.7354839809496	33.7076194673263
2017	6	36.7965517241379	12.5332377912677	13.501724137931	2.210445845589	23.2948275862069	17.9732049455385	28.6164502268753
2017	8	34.7629310344828	10.0430839565471	12.5818965517241	1.74495516250495	22.1810344827586	17.4226245025367	26.9394444629805
2017	10	34.2629310344828	8.74303754146067	11.7215517241379	1.3942016735507	22.5413793103448	18.1287146863117	26.954043934378
2017	20	30.2112068965517	5.27702329359367	12.6025862068966	0.610048305588585	17.6086206896552	14.2459004920013	20.971340887309
2017	30	28.9525862068966	3.19240337578488	16.5	0.591983227986733	12.4525862068966	9.75646866707665	15.1487037467165
2018	0	117.956896551724	63.0245022112356	19.551724137931	14.023861526587	98.4051724137931	86.2398735244271	110.570471303159
2018	2	101.555172413793	49.8637883054843	16.576724137931	8.55172279502263	84.9784482758621	74.38578507335	95.5711114783741
2018	4	74.9672413793104	29.3453625070405	17.0827586206897	4.61020026284498	57.8844827586207	49.8084784886617	65.9604870285797
2018	6	61.6034482758621	19.7824081607109	15.5396551724138	3.29566895091474	46.0637931034483	39.4058376728367	52.7217485340599
2018	8	53.6672413793103	14.8390227277468	14.3258620689655	2.59879409433214	39.3413793103448	33.5539309475645	45.1288276731252
2018	10	49.8034482758621	12.2864714103928	13.3853448275862	2.05194986388385	36.4181034482759	31.1701286404447	41.666078256107
2018	20	38.9508620689655	6.86497529309302	12.6801724137931	0.809788589711496	26.2706896551724	22.4311992637154	30.1101800466295
2018	30	34.6568965517241	4.04296978325719	16.3551724137931	0.617229488703924	18.301724137931	15.3098500159829	21.2935982598792
2019	0	59.1120689655172	40.4843828879571	14.4844827586207	14.2637366230678	44.6275862068966	34.3728220478934	54.8823503658998
2019	2	78.3801724137931	31.1138851122306	15.8896551724138	10.0831409975593	62.4905172413793	53.5949426252185	71.3860918575401
2019	4	73.698275862069	25.7823395811169	16.1318965517241	6.3805759773244	57.5663793103448	49.7064474910061	65.4263111296836
2019	6	64.7560344827586	19.9283214557649	15.6198275862069	4.41955714010055	49.1362068965517	42.2975370546206	55.9748767384828
2019	8	57.3060344827586	15.274945566577	14.7137931034483	3.40139099234412	42.5922413793103	36.6027917165804	48.5816910420403
2019	10	52.6327586206897	12.5530275674323	13.9043103448276	2.67745396301396	38.7284482758621	33.3196860400376	44.1372105116866
2019	20	41.5603448275862	7.08391352191418	12.3577586206897	1.08733943769948	29.2025862068966	25.2408513994131	33.16432101438
2019	30	36.3	4.27028245405428	16	0.685814715146964	20.3	17.2146035193833	23.3853964806167
2020	0	92.6206896551724	44.5816123245093	18.1206896551724	12.0470941026764	74.5	64.0705983246718	84.9294016753282
2020	2	81.1137931034483	31.8897496714438	16.6094827586207	9.10086354225337	64.5043103448276	55.6310488327978	73.3775718568574
2020	4	84.8810344827586	27.1894057304379	16.2155172413793	6.14981460041304	68.6655172413793	60.6631441926207	76.6678902901379
2020	6	75.9534482758621	22.1060335961783	16.4931034482759	4.52217764983207	59.4603448275862	52.308599015455	66.6120906397175
2020	8	67.823275862069	17.6704782448839	15.7077586206897	3.4896048068298	52.1155172413793	45.7402299909308	58.4908044918279
2020	10	61.4577586206897	14.5068399279262	14.8870689655172	2.85562583442852	46.5706896551724	40.7957589857764	52.3456203245685
2020	20	47.1801724137931	8.09705155985982	12.6103448275862	1.2502874606254	34.5698275862069	30.3325680012218	38.807087171192
2020	30	40.148275862069	4.91544798381209	15.8551724137931	0.739208335940922	24.2931034482759	20.9974299421497	27.588776954402
2021	0	4.73362068965517	4.61189343565513	20.2577586206897	14.1020586525022	-15.5241379310345	-21.5196161580763	-9.52865970399265
2021	2	33.7198275862069	8.14649259705447	19.225	9.56801605492626	14.4948275862069	8.66164421700577	20.328010955408
2021	4	52.8224137931035	12.1435745353276	17.9568965517241	6.99349693347518	34.8655172413793	28.8026394694564	40.9283950133022
2021	6	58.2284482758621	13.9511273259695	17.5189655172414	5.40159255898366	40.7094827586207	34.6125405450994	46.806424972142
2021	8	56.6465517241379	13.1242466675011	16.9370689655172	4.23953148142354	39.7094827586207	33.9343338368651	45.4846316803763
2021	10	53.373275862069	11.4815533017294	16.1034482758621	3.41719027056345	37.2698275862069	31.9202942744441	42.6193608979697
2021	20	43.9896551724138	7.32157268915451	13.1137931034483	1.56321901662599	30.8758620689655	26.7447716670906	35.0069524708404
2021	30	38.2836206896552	4.67242444510503	15.8560344827586	0.849655185451739	22.4275862068966	19.1707763330517	25.6843960807414
2022	0	92.0077586206897	43.107043841396	17.325	11.3264486852536	74.6827586206897	64.4575030030932	84.9080142382861
2022	2	62.5827586206897	20.1574257880134	18.0163793103448	9.43731534357594	44.5663793103448	37.0267786070213	52.1059800136684
2022	4	62.2137931034483	15.2798168429397	17.6603448275862	6.9593389761562	44.5534482758621	38.0176261778151	51.0892703739091
2022	6	67.5784482758621	15.118997029956	17.2336206896552	5.61957069956401	50.3448275862069	44.0333585896212	56.6562965827926
2022	8	65.4741379310345	14.15730046728	17.2129310344828	4.60350294396812	48.2612068965517	42.2582283698264	54.264185423277
2022	10	61.7086206896552	12.6563456724451	16.5758620689655	3.77171662807435	45.1327586206897	39.5153729238697	50.7501443175096
2022	20	49.1534482758621	8.08645393954565	13.4758620689655	1.79630619354569	35.6775862068965	31.3206600354264	40.0345123783667
2022	30	42.1103448275862	5.31336817072408	15.6681034482759	0.97672967905793	26.4422413793103	22.9663213644278	29.9181613941929
